item_no,transaction_date,brand,material,style,pattern,size,group,color,location_id,gst,procurement_price,cost_price,base_rate,discount_percentage,base_rate_with_discount,mrp_price,stock_opening_date,stock_closing_date,quantity_available,quantity_sold,Net_Amount,Net_Cost
3,3-Feb-2024,Polo,Cotton,Slim,Stonewashed,S,Spring,Black,9,16,1078.26,1207.6512,1932.24192,30,1352.57,1568.98,2/3/2024,6/2/2024,940,9,14120.82,10868.861 
3,3-Feb-2024,Polo,Cotton,Slim,Stonewashed,S,Spring,Black,9,16,1078.26,1207.6512,1932.24192,30,1352.57,1568.98,2/3/2024,6/2/2024,940,10,15689.8,12076.512 
3,3-Feb-2024,Polo,Cotton,Slim,Stonewashed,S,Spring,Black,9,16,1078.26,1207.6512,1932.24192,30,1352.57,1568.98,2/3/2024,6/2/2024,940,9,14120.82,10868.861 
3,3-Feb-2024,Polo,Cotton,Slim,Stonewashed,S,Spring,Black,9,16,1078.26,1207.6512,1932.24192,30,1352.57,1568.98,2/3/2024,6/2/2024,940,1,1568.98,1207.651 
3,3-Feb-2024,Polo,Cotton,Slim,Stonewashed,S,Spring,Black,9,16,1078.26,1207.6512,1932.24192,30,1352.57,1568.98,2/3/2024,6/2/2024,940,8,12551.84,9661.210 
3,4-Feb-2024,Polo,Cotton,Slim,Stonewashed,S,Spring,Black,9,16,1078.26,1207.6512,1932.24192,30,1352.57,1568.98,2/3/2024,6/2/2024,940,3,4706.94,3622.954 
3,4-Feb-2024,Polo,Cotton,Slim,Stonewashed,S,Spring,Black,9,16,1078.26,1207.6512,1932.24192,30,1352.57,1568.98,2/3/2024,6/2/2024,940,2,3137.96,2415.302 
3,4-Feb-2024,Polo,Cotton,Slim,Stonewashed,S,Spring,Black,9,16,1078.26,1207.6512,1932.24192,30,1352.57,1568.98,2/3/2024,6/2/2024,940,1,1568.98,1207.651 
3,4-Feb-2024,Polo,Cotton,Slim,Stonewashed,S,Spring,Black,9,16,1078.26,1207.6512,1932.24192,30,1352.57,1568.98,2/3/2024,6/2/2024,940,4,6275.92,4830.605 
3,5-Feb-2024,Polo,Cotton,Slim,Stonewashed,S,Spring,Black,9,16,1078.26,1207.6512,1932.24192,30,1352.57,1568.98,2/3/2024,6/2/2024,940,10,15689.8,12076.512 
3,5-Feb-2024,Polo,Cotton,Slim,Stonewashed,S,Spring,Black,9,16,1078.26,1207.6512,1932.24192,30,1352.57,1568.98,2/3/2024,6/2/2024,940,9,14120.82,10868.861 
3,5-Feb-2024,Polo,Cotton,Slim,Stonewashed,S,Spring,Black,9,16,1078.26,1207.6512,1932.24192,30,1352.57,1568.98,2/3/2024,6/2/2024,940,3,4706.94,3622.954 
3,5-Feb-2024,Polo,Cotton,Slim,Stonewashed,S,Spring,Black,9,16,1078.26,1207.6512,1932.24192,30,1352.57,1568.98,2/3/2024,6/2/2024,940,6,9413.88,7245.907 
3,6-Feb-2024,Polo,Cotton,Slim,Stonewashed,S,Spring,Black,9,16,1078.26,1207.6512,1932.24192,30,1352.57,1568.98,2/3/2024,6/2/2024,940,9,14120.82,10868.861 
3,6-Feb-2024,Polo,Cotton,Slim,Stonewashed,S,Spring,Black,9,16,1078.26,1207.6512,1932.24192,30,1352.57,1568.98,2/3/2024,6/2/2024,940,10,15689.8,12076.512 
3,6-Feb-2024,Polo,Cotton,Slim,Stonewashed,S,Spring,Black,9,16,1078.26,1207.6512,1932.24192,30,1352.57,1568.98,2/3/2024,6/2/2024,940,6,9413.88,7245.907 
3,6-Feb-2024,Polo,Cotton,Slim,Stonewashed,S,Spring,Black,9,16,1078.26,1207.6512,1932.24192,30,1352.57,1568.98,2/3/2024,6/2/2024,940,6,9413.88,7245.907 
3,7-Feb-2024,Polo,Cotton,Slim,Stonewashed,S,Spring,Black,9,16,1078.26,1207.6512,1932.24192,30,1352.57,1568.98,2/3/2024,6/2/2024,940,10,15689.8,12076.512 
3,7-Feb-2024,Polo,Cotton,Slim,Stonewashed,S,Spring,Black,9,16,1078.26,1207.6512,1932.24192,30,1352.57,1568.98,2/3/2024,6/2/2024,940,7,10982.86,8453.558 
3,7-Feb-2024,Polo,Cotton,Slim,Stonewashed,S,Spring,Black,9,16,1078.26,1207.6512,1932.24192,30,1352.57,1568.98,2/3/2024,6/2/2024,940,10,15689.8,12076.512 
3,7-Feb-2024,Polo,Cotton,Slim,Stonewashed,S,Spring,Black,9,16,1078.26,1207.6512,1932.24192,30,1352.57,1568.98,2/3/2024,6/2/2024,940,9,14120.82,10868.861 
3,8-Feb-2024,Polo,Cotton,Slim,Stonewashed,S,Spring,Black,9,16,1078.26,1207.6512,1932.24192,30,1352.57,1568.98,2/3/2024,6/2/2024,940,4,6275.92,4830.605 
3,8-Feb-2024,Polo,Cotton,Slim,Stonewashed,S,Spring,Black,9,16,1078.26,1207.6512,1932.24192,30,1352.57,1568.98,2/3/2024,6/2/2024,940,4,6275.92,4830.605 
3,8-Feb-2024,Polo,Cotton,Slim,Stonewashed,S,Spring,Black,9,16,1078.26,1207.6512,1932.24192,30,1352.57,1568.98,2/3/2024,6/2/2024,940,2,3137.96,2415.302 
3,8-Feb-2024,Polo,Cotton,Slim,Stonewashed,S,Spring,Black,9,16,1078.26,1207.6512,1932.24192,30,1352.57,1568.98,2/3/2024,6/2/2024,940,10,15689.8,12076.512 
3,9-Feb-2024,Polo,Cotton,Slim,Stonewashed,S,Spring,Black,9,16,1078.26,1207.6512,1932.24192,30,1352.57,1568.98,2/3/2024,6/2/2024,940,3,4706.94,3622.954 
3,9-Feb-2024,Polo,Cotton,Slim,Stonewashed,S,Spring,Black,9,16,1078.26,1207.6512,1932.24192,30,1352.57,1568.98,2/3/2024,6/2/2024,940,6,9413.88,7245.907 
3,9-Feb-2024,Polo,Cotton,Slim,Stonewashed,S,Spring,Black,9,16,1078.26,1207.6512,1932.24192,30,1352.57,1568.98,2/3/2024,6/2/2024,940,2,3137.96,2415.302 
3,9-Feb-2024,Polo,Cotton,Slim,Stonewashed,S,Spring,Black,9,16,1078.26,1207.6512,1932.24192,30,1352.57,1568.98,2/3/2024,6/2/2024,940,6,9413.88,7245.907 
3,9-Feb-2024,Polo,Cotton,Slim,Stonewashed,S,Spring,Black,9,16,1078.26,1207.6512,1932.24192,30,1352.57,1568.98,2/3/2024,6/2/2024,940,8,12551.84,9661.210 
3,10-Feb-2024,Polo,Cotton,Slim,Stonewashed,S,Spring,Black,9,16,1078.26,1207.6512,1932.24192,30,1352.57,1568.98,2/3/2024,6/2/2024,940,2,3137.96,2415.302 
3,10-Feb-2024,Polo,Cotton,Slim,Stonewashed,S,Spring,Black,9,16,1078.26,1207.6512,1932.24192,30,1352.57,1568.98,2/3/2024,6/2/2024,940,7,10982.86,8453.558 
3,10-Feb-2024,Polo,Cotton,Slim,Stonewashed,S,Spring,Black,9,16,1078.26,1207.6512,1932.24192,30,1352.57,1568.98,2/3/2024,6/2/2024,940,6,9413.88,7245.907 
3,10-Feb-2024,Polo,Cotton,Slim,Stonewashed,S,Spring,Black,9,16,1078.26,1207.6512,1932.24192,30,1352.57,1568.98,2/3/2024,6/2/2024,940,9,14120.82,10868.861 
3,11-Feb-2024,Polo,Cotton,Slim,Stonewashed,S,Spring,Black,9,16,1078.26,1207.6512,1932.24192,30,1352.57,1568.98,2/3/2024,6/2/2024,940,9,14120.82,10868.861 
3,11-Feb-2024,Polo,Cotton,Slim,Stonewashed,S,Spring,Black,9,16,1078.26,1207.6512,1932.24192,30,1352.57,1568.98,2/3/2024,6/2/2024,940,5,7844.9,6038.256 
3,11-Feb-2024,Polo,Cotton,Slim,Stonewashed,S,Spring,Black,9,16,1078.26,1207.6512,1932.24192,30,1352.57,1568.98,2/3/2024,6/2/2024,940,9,14120.82,10868.861 
3,11-Feb-2024,Polo,Cotton,Slim,Stonewashed,S,Spring,Black,9,16,1078.26,1207.6512,1932.24192,30,1352.57,1568.98,2/3/2024,6/2/2024,940,7,10982.86,8453.558 
3,12-Feb-2024,Polo,Cotton,Slim,Stonewashed,S,Spring,Black,9,16,1078.26,1207.6512,1932.24192,30,1352.57,1568.98,2/3/2024,6/2/2024,940,1,1568.98,1207.651 
3,12-Feb-2024,Polo,Cotton,Slim,Stonewashed,S,Spring,Black,9,16,1078.26,1207.6512,1932.24192,30,1352.57,1568.98,2/3/2024,6/2/2024,940,2,3137.96,2415.302 
3,12-Feb-2024,Polo,Cotton,Slim,Stonewashed,S,Spring,Black,9,16,1078.26,1207.6512,1932.24192,30,1352.57,1568.98,2/3/2024,6/2/2024,940,2,3137.96,2415.302 
3,12-Feb-2024,Polo,Cotton,Slim,Stonewashed,S,Spring,Black,9,16,1078.26,1207.6512,1932.24192,30,1352.57,1568.98,2/3/2024,6/2/2024,940,1,1568.98,1207.651 
3,13-Feb-2024,Polo,Cotton,Slim,Stonewashed,S,Spring,Black,9,16,1078.26,1207.6512,1932.24192,30,1352.57,1568.98,2/3/2024,6/2/2024,940,1,1568.98,1207.651 
3,13-Feb-2024,Polo,Cotton,Slim,Stonewashed,S,Spring,Black,9,16,1078.26,1207.6512,1932.24192,30,1352.57,1568.98,2/3/2024,6/2/2024,940,1,1568.98,1207.651 
3,13-Feb-2024,Polo,Cotton,Slim,Stonewashed,S,Spring,Black,9,16,1078.26,1207.6512,1932.24192,30,1352.57,1568.98,2/3/2024,6/2/2024,940,1,1568.98,1207.651 
3,13-Feb-2024,Polo,Cotton,Slim,Stonewashed,S,Spring,Black,9,16,1078.26,1207.6512,1932.24192,30,1352.57,1568.98,2/3/2024,6/2/2024,940,1,1568.98,1207.651 
3,14-Feb-2024,Polo,Cotton,Slim,Stonewashed,S,Spring,Black,9,16,1078.26,1207.6512,1932.24192,30,1352.57,1568.98,2/3/2024,6/2/2024,940,1,1568.98,1207.651 
3,14-Feb-2024,Polo,Cotton,Slim,Stonewashed,S,Spring,Black,9,16,1078.26,1207.6512,1932.24192,30,1352.57,1568.98,2/3/2024,6/2/2024,940,1,1568.98,1207.651 
3,14-Feb-2024,Polo,Cotton,Slim,Stonewashed,S,Spring,Black,9,16,1078.26,1207.6512,1932.24192,30,1352.57,1568.98,2/3/2024,6/2/2024,940,1,1568.98,1207.651 
3,14-Feb-2024,Polo,Cotton,Slim,Stonewashed,S,Spring,Black,9,16,1078.26,1207.6512,1932.24192,30,1352.57,1568.98,2/3/2024,6/2/2024,940,1,1568.98,1207.651 
3,15-Feb-2024,Polo,Cotton,Slim,Stonewashed,S,Spring,Black,9,16,1078.26,1207.6512,1932.24192,30,1352.57,1568.98,2/3/2024,6/2/2024,940,1,1568.98,1207.651 
3,15-Feb-2024,Polo,Cotton,Slim,Stonewashed,S,Spring,Black,9,16,1078.26,1207.6512,1932.24192,30,1352.57,1568.98,2/3/2024,6/2/2024,940,1,1568.98,1207.651 
3,15-Feb-2024,Polo,Cotton,Slim,Stonewashed,S,Spring,Black,9,16,1078.26,1207.6512,1932.24192,30,1352.57,1568.98,2/3/2024,6/2/2024,940,1,1568.98,1207.651 
3,15-Feb-2024,Polo,Cotton,Slim,Stonewashed,S,Spring,Black,9,16,1078.26,1207.6512,1932.24192,30,1352.57,1568.98,2/3/2024,6/2/2024,940,1,1568.98,1207.651 
3,15-Feb-2024,Polo,Cotton,Slim,Stonewashed,S,Spring,Black,9,16,1078.26,1207.6512,1932.24192,30,1352.57,1568.98,2/3/2024,6/2/2024,940,1,1568.98,1207.651 
3,16-Feb-2024,Polo,Cotton,Slim,Stonewashed,S,Spring,Black,9,16,1078.26,1207.6512,1932.24192,30,1352.57,1568.98,2/3/2024,6/2/2024,940,1,1568.98,1207.651 
3,16-Feb-2024,Polo,Cotton,Slim,Stonewashed,S,Spring,Black,9,16,1078.26,1207.6512,1932.24192,30,1352.57,1568.98,2/3/2024,6/2/2024,940,1,1568.98,1207.651 
3,16-Feb-2024,Polo,Cotton,Slim,Stonewashed,S,Spring,Black,9,16,1078.26,1207.6512,1932.24192,30,1352.57,1568.98,2/3/2024,6/2/2024,940,1,1568.98,1207.651 
3,16-Feb-2024,Polo,Cotton,Slim,Stonewashed,S,Spring,Black,9,16,1078.26,1207.6512,1932.24192,30,1352.57,1568.98,2/3/2024,6/2/2024,940,1,1568.98,1207.651 
3,17-Feb-2024,Polo,Cotton,Slim,Stonewashed,S,Spring,Black,9,16,1078.26,1207.6512,1932.24192,30,1352.57,1568.98,2/3/2024,6/2/2024,940,1,1568.98,1207.651 
3,17-Feb-2024,Polo,Cotton,Slim,Stonewashed,S,Spring,Black,9,16,1078.26,1207.6512,1932.24192,30,1352.57,1568.98,2/3/2024,6/2/2024,940,1,1568.98,1207.651 
3,17-Feb-2024,Polo,Cotton,Slim,Stonewashed,S,Spring,Black,9,16,1078.26,1207.6512,1932.24192,30,1352.57,1568.98,2/3/2024,6/2/2024,940,1,1568.98,1207.651 
3,17-Feb-2024,Polo,Cotton,Slim,Stonewashed,S,Spring,Black,9,16,1078.26,1207.6512,1932.24192,30,1352.57,1568.98,2/3/2024,6/2/2024,940,1,1568.98,1207.651 
3,18-Feb-2024,Polo,Cotton,Slim,Stonewashed,S,Spring,Black,9,16,1078.26,1207.6512,1932.24192,30,1352.57,1568.98,2/3/2024,6/2/2024,940,1,1568.98,1207.651 
3,18-Feb-2024,Polo,Cotton,Slim,Stonewashed,S,Spring,Black,9,16,1078.26,1207.6512,1932.24192,30,1352.57,1568.98,2/3/2024,6/2/2024,940,1,1568.98,1207.651 
3,18-Feb-2024,Polo,Cotton,Slim,Stonewashed,S,Spring,Black,9,16,1078.26,1207.6512,1932.24192,30,1352.57,1568.98,2/3/2024,6/2/2024,940,1,1568.98,1207.651 
3,18-Feb-2024,Polo,Cotton,Slim,Stonewashed,S,Spring,Black,9,16,1078.26,1207.6512,1932.24192,30,1352.57,1568.98,2/3/2024,6/2/2024,940,1,1568.98,1207.651 
3,19-Feb-2024,Polo,Cotton,Slim,Stonewashed,S,Spring,Black,9,16,1078.26,1207.6512,1932.24192,30,1352.57,1568.98,2/3/2024,6/2/2024,940,1,1568.98,1207.651 
3,19-Feb-2024,Polo,Cotton,Slim,Stonewashed,S,Spring,Black,9,16,1078.26,1207.6512,1932.24192,30,1352.57,1568.98,2/3/2024,6/2/2024,940,1,1568.98,1207.651 
3,19-Feb-2024,Polo,Cotton,Slim,Stonewashed,S,Spring,Black,9,16,1078.26,1207.6512,1932.24192,30,1352.57,1568.98,2/3/2024,6/2/2024,940,1,1568.98,1207.651 
3,19-Feb-2024,Polo,Cotton,Slim,Stonewashed,S,Spring,Black,9,16,1078.26,1207.6512,1932.24192,30,1352.57,1568.98,2/3/2024,6/2/2024,940,1,1568.98,1207.651 
3,20-Feb-2024,Polo,Cotton,Slim,Stonewashed,S,Spring,Black,9,16,1078.26,1207.6512,1932.24192,30,1352.57,1568.98,2/3/2024,6/2/2024,940,1,1568.98,1207.651 
3,20-Feb-2024,Polo,Cotton,Slim,Stonewashed,S,Spring,Black,9,16,1078.26,1207.6512,1932.24192,30,1352.57,1568.98,2/3/2024,6/2/2024,940,1,1568.98,1207.651 
3,20-Feb-2024,Polo,Cotton,Slim,Stonewashed,S,Spring,Black,9,16,1078.26,1207.6512,1932.24192,30,1352.57,1568.98,2/3/2024,6/2/2024,940,1,1568.98,1207.651 
3,20-Feb-2024,Polo,Cotton,Slim,Stonewashed,S,Spring,Black,9,16,1078.26,1207.6512,1932.24192,30,1352.57,1568.98,2/3/2024,6/2/2024,940,1,1568.98,1207.651 
3,21-Feb-2024,Polo,Cotton,Slim,Stonewashed,S,Spring,Black,9,16,1078.26,1207.6512,1932.24192,30,1352.57,1568.98,2/3/2024,6/2/2024,940,1,1568.98,1207.651 
3,21-Feb-2024,Polo,Cotton,Slim,Stonewashed,S,Spring,Black,9,16,1078.26,1207.6512,1932.24192,30,1352.57,1568.98,2/3/2024,6/2/2024,940,1,1568.98,1207.651 
3,21-Feb-2024,Polo,Cotton,Slim,Stonewashed,S,Spring,Black,9,16,1078.26,1207.6512,1932.24192,30,1352.57,1568.98,2/3/2024,6/2/2024,940,1,1568.98,1207.651 
3,21-Feb-2024,Polo,Cotton,Slim,Stonewashed,S,Spring,Black,9,16,1078.26,1207.6512,1932.24192,30,1352.57,1568.98,2/3/2024,6/2/2024,940,1,1568.98,1207.651 
3,21-Feb-2024,Polo,Cotton,Slim,Stonewashed,S,Spring,Black,9,16,1078.26,1207.6512,1932.24192,30,1352.57,1568.98,2/3/2024,6/2/2024,940,1,1568.98,1207.651 
3,22-Feb-2024,Polo,Cotton,Slim,Stonewashed,S,Spring,Black,9,16,1078.26,1207.6512,1932.24192,30,1352.57,1568.98,2/3/2024,6/2/2024,940,1,1568.98,1207.651 
3,22-Feb-2024,Polo,Cotton,Slim,Stonewashed,S,Spring,Black,9,16,1078.26,1207.6512,1932.24192,30,1352.57,1568.98,2/3/2024,6/2/2024,940,1,1568.98,1207.651 
3,22-Feb-2024,Polo,Cotton,Slim,Stonewashed,S,Spring,Black,9,16,1078.26,1207.6512,1932.24192,30,1352.57,1568.98,2/3/2024,6/2/2024,940,1,1568.98,1207.651 
3,22-Feb-2024,Polo,Cotton,Slim,Stonewashed,S,Spring,Black,9,16,1078.26,1207.6512,1932.24192,30,1352.57,1568.98,2/3/2024,6/2/2024,940,1,1568.98,1207.651 
3,23-Feb-2024,Polo,Cotton,Slim,Stonewashed,S,Spring,Black,9,16,1078.26,1207.6512,1932.24192,30,1352.57,1568.98,2/3/2024,6/2/2024,940,1,1568.98,1207.651 
3,23-Feb-2024,Polo,Cotton,Slim,Stonewashed,S,Spring,Black,9,16,1078.26,1207.6512,1932.24192,30,1352.57,1568.98,2/3/2024,6/2/2024,940,1,1568.98,1207.651 
3,23-Feb-2024,Polo,Cotton,Slim,Stonewashed,S,Spring,Black,9,16,1078.26,1207.6512,1932.24192,30,1352.57,1568.98,2/3/2024,6/2/2024,940,1,1568.98,1207.651 
3,23-Feb-2024,Polo,Cotton,Slim,Stonewashed,S,Spring,Black,9,16,1078.26,1207.6512,1932.24192,30,1352.57,1568.98,2/3/2024,6/2/2024,940,1,1568.98,1207.651 
3,24-Feb-2024,Polo,Cotton,Slim,Stonewashed,S,Spring,Black,9,16,1078.26,1207.6512,1932.24192,30,1352.57,1568.98,2/3/2024,6/2/2024,940,1,1568.98,1207.651 
3,24-Feb-2024,Polo,Cotton,Slim,Stonewashed,S,Spring,Black,9,16,1078.26,1207.6512,1932.24192,30,1352.57,1568.98,2/3/2024,6/2/2024,940,1,1568.98,1207.651 
3,24-Feb-2024,Polo,Cotton,Slim,Stonewashed,S,Spring,Black,9,16,1078.26,1207.6512,1932.24192,30,1352.57,1568.98,2/3/2024,6/2/2024,940,1,1568.98,1207.651 
3,24-Feb-2024,Polo,Cotton,Slim,Stonewashed,S,Spring,Black,9,16,1078.26,1207.6512,1932.24192,30,1352.57,1568.98,2/3/2024,6/2/2024,940,1,1568.98,1207.651 
3,25-Feb-2024,Polo,Cotton,Slim,Stonewashed,S,Spring,Black,9,16,1078.26,1207.6512,1932.24192,30,1352.57,1568.98,2/3/2024,6/2/2024,940,1,1568.98,1207.651 
3,25-Feb-2024,Polo,Cotton,Slim,Stonewashed,S,Spring,Black,9,16,1078.26,1207.6512,1932.24192,30,1352.57,1568.98,2/3/2024,6/2/2024,940,1,1568.98,1207.651 
3,25-Feb-2024,Polo,Cotton,Slim,Stonewashed,S,Spring,Black,9,16,1078.26,1207.6512,1932.24192,30,1352.57,1568.98,2/3/2024,6/2/2024,940,1,1568.98,1207.651 
3,25-Feb-2024,Polo,Cotton,Slim,Stonewashed,S,Spring,Black,9,16,1078.26,1207.6512,1932.24192,30,1352.57,1568.98,2/3/2024,6/2/2024,940,1,1568.98,1207.651 
3,26-Feb-2024,Polo,Cotton,Slim,Stonewashed,S,Spring,Black,9,16,1078.26,1207.6512,1932.24192,30,1352.57,1568.98,2/3/2024,6/2/2024,940,1,1568.98,1207.651 
3,26-Feb-2024,Polo,Cotton,Slim,Stonewashed,S,Spring,Black,9,16,1078.26,1207.6512,1932.24192,30,1352.57,1568.98,2/3/2024,6/2/2024,940,1,1568.98,1207.651 
3,26-Feb-2024,Polo,Cotton,Slim,Stonewashed,S,Spring,Black,9,16,1078.26,1207.6512,1932.24192,30,1352.57,1568.98,2/3/2024,6/2/2024,940,1,1568.98,1207.651 
3,26-Feb-2024,Polo,Cotton,Slim,Stonewashed,S,Spring,Black,9,16,1078.26,1207.6512,1932.24192,30,1352.57,1568.98,2/3/2024,6/2/2024,940,1,1568.98,1207.651 
3,27-Feb-2024,Polo,Cotton,Slim,Stonewashed,S,Spring,Black,9,16,1078.26,1207.6512,1932.24192,30,1352.57,1568.98,2/3/2024,6/2/2024,940,1,1568.98,1207.651 
3,27-Feb-2024,Polo,Cotton,Slim,Stonewashed,S,Spring,Black,9,16,1078.26,1207.6512,1932.24192,30,1352.57,1568.98,2/3/2024,6/2/2024,940,1,1568.98,1207.651 
3,27-Feb-2024,Polo,Cotton,Slim,Stonewashed,S,Spring,Black,9,16,1078.26,1207.6512,1932.24192,30,1352.57,1568.98,2/3/2024,6/2/2024,940,1,1568.98,1207.651 
3,27-Feb-2024,Polo,Cotton,Slim,Stonewashed,S,Spring,Black,9,16,1078.26,1207.6512,1932.24192,30,1352.57,1568.98,2/3/2024,6/2/2024,940,1,1568.98,1207.651 
3,28-Feb-2024,Polo,Cotton,Slim,Stonewashed,S,Spring,Black,9,16,1078.26,1207.6512,1932.24192,30,1352.57,1568.98,2/3/2024,6/2/2024,940,1,1568.98,1207.651 
3,28-Feb-2024,Polo,Cotton,Slim,Stonewashed,S,Spring,Black,9,16,1078.26,1207.6512,1932.24192,30,1352.57,1568.98,2/3/2024,6/2/2024,940,1,1568.98,1207.651 
3,28-Feb-2024,Polo,Cotton,Slim,Stonewashed,S,Spring,Black,9,16,1078.26,1207.6512,1932.24192,30,1352.57,1568.98,2/3/2024,6/2/2024,940,1,1568.98,1207.651 
3,28-Feb-2024,Polo,Cotton,Slim,Stonewashed,S,Spring,Black,9,16,1078.26,1207.6512,1932.24192,30,1352.57,1568.98,2/3/2024,6/2/2024,940,1,1568.98,1207.651 
3,28-Feb-2024,Polo,Cotton,Slim,Stonewashed,S,Spring,Black,9,16,1078.26,1207.6512,1932.24192,30,1352.57,1568.98,2/3/2024,6/2/2024,940,1,1568.98,1207.651 
3,29-Feb-2024,Polo,Cotton,Slim,Stonewashed,S,Spring,Black,9,16,1078.26,1207.6512,1932.24192,30,1352.57,1568.98,2/3/2024,6/2/2024,940,1,1568.98,1207.651 
3,29-Feb-2024,Polo,Cotton,Slim,Stonewashed,S,Spring,Black,9,16,1078.26,1207.6512,1932.24192,30,1352.57,1568.98,2/3/2024,6/2/2024,940,1,1568.98,1207.651 
3,29-Feb-2024,Polo,Cotton,Slim,Stonewashed,S,Spring,Black,9,16,1078.26,1207.6512,1932.24192,30,1352.57,1568.98,2/3/2024,6/2/2024,940,1,1568.98,1207.651 
3,29-Feb-2024,Polo,Cotton,Slim,Stonewashed,S,Spring,Black,9,16,1078.26,1207.6512,1932.24192,30,1352.57,1568.98,2/3/2024,6/2/2024,940,1,1568.98,1207.651 
3,1-Mar-2024,Polo,Cotton,Slim,Stonewashed,S,Spring,Black,9,16,1078.26,1207.6512,1932.24192,30,1352.57,1568.98,2/3/2024,6/2/2024,940,1,1568.98,1207.651 
3,1-Mar-2024,Polo,Cotton,Slim,Stonewashed,S,Spring,Black,9,16,1078.26,1207.6512,1932.24192,30,1352.57,1568.98,2/3/2024,6/2/2024,940,1,1568.98,1207.651 
3,1-Mar-2024,Polo,Cotton,Slim,Stonewashed,S,Spring,Black,9,16,1078.26,1207.6512,1932.24192,30,1352.57,1568.98,2/3/2024,6/2/2024,940,1,1568.98,1207.651 
3,1-Mar-2024,Polo,Cotton,Slim,Stonewashed,S,Spring,Black,9,16,1078.26,1207.6512,1932.24192,30,1352.57,1568.98,2/3/2024,6/2/2024,940,1,1568.98,1207.651 
3,2-Mar-2024,Polo,Cotton,Slim,Stonewashed,S,Spring,Black,9,16,1078.26,1207.6512,1932.24192,30,1352.57,1568.98,2/3/2024,6/2/2024,940,1,1568.98,1207.651 
3,2-Mar-2024,Polo,Cotton,Slim,Stonewashed,S,Spring,Black,9,16,1078.26,1207.6512,1932.24192,30,1352.57,1568.98,2/3/2024,6/2/2024,940,1,1568.98,1207.651 
3,2-Mar-2024,Polo,Cotton,Slim,Stonewashed,S,Spring,Black,9,16,1078.26,1207.6512,1932.24192,30,1352.57,1568.98,2/3/2024,6/2/2024,940,1,1568.98,1207.651 
3,2-Mar-2024,Polo,Cotton,Slim,Stonewashed,S,Spring,Black,9,16,1078.26,1207.6512,1932.24192,30,1352.57,1568.98,2/3/2024,6/2/2024,940,1,1568.98,1207.651 
3,3-Mar-2024,Polo,Cotton,Slim,Stonewashed,S,Spring,Black,9,16,1078.26,1207.6512,1932.24192,30,1352.57,1568.98,2/3/2024,6/2/2024,940,1,1568.98,1207.651 
3,3-Mar-2024,Polo,Cotton,Slim,Stonewashed,S,Spring,Black,9,16,1078.26,1207.6512,1932.24192,30,1352.57,1568.98,2/3/2024,6/2/2024,940,1,1568.98,1207.651 
3,3-Mar-2024,Polo,Cotton,Slim,Stonewashed,S,Spring,Black,9,16,1078.26,1207.6512,1932.24192,30,1352.57,1568.98,2/3/2024,6/2/2024,940,1,1568.98,1207.651 
3,3-Mar-2024,Polo,Cotton,Slim,Stonewashed,S,Spring,Black,9,16,1078.26,1207.6512,1932.24192,30,1352.57,1568.98,2/3/2024,6/2/2024,940,1,1568.98,1207.651 
3,4-Mar-2024,Polo,Cotton,Slim,Stonewashed,S,Spring,Black,9,16,1078.26,1207.6512,1932.24192,30,1352.57,1568.98,2/3/2024,6/2/2024,940,1,1568.98,1207.651 
3,4-Mar-2024,Polo,Cotton,Slim,Stonewashed,S,Spring,Black,9,16,1078.26,1207.6512,1932.24192,30,1352.57,1568.98,2/3/2024,6/2/2024,940,1,1568.98,1207.651 
3,4-Mar-2024,Polo,Cotton,Slim,Stonewashed,S,Spring,Black,9,16,1078.26,1207.6512,1932.24192,30,1352.57,1568.98,2/3/2024,6/2/2024,940,1,1568.98,1207.651 
3,4-Mar-2024,Polo,Cotton,Slim,Stonewashed,S,Spring,Black,9,16,1078.26,1207.6512,1932.24192,30,1352.57,1568.98,2/3/2024,6/2/2024,940,1,1568.98,1207.651 
3,5-Mar-2024,Polo,Cotton,Slim,Stonewashed,S,Spring,Black,9,16,1078.26,1207.6512,1932.24192,30,1352.57,1568.98,2/3/2024,6/2/2024,940,1,1568.98,1207.651 
3,5-Mar-2024,Polo,Cotton,Slim,Stonewashed,S,Spring,Black,9,16,1078.26,1207.6512,1932.24192,30,1352.57,1568.98,2/3/2024,6/2/2024,940,1,1568.98,1207.651 
3,5-Mar-2024,Polo,Cotton,Slim,Stonewashed,S,Spring,Black,9,16,1078.26,1207.6512,1932.24192,30,1352.57,1568.98,2/3/2024,6/2/2024,940,1,1568.98,1207.651 
3,5-Mar-2024,Polo,Cotton,Slim,Stonewashed,S,Spring,Black,9,16,1078.26,1207.6512,1932.24192,30,1352.57,1568.98,2/3/2024,6/2/2024,940,1,1568.98,1207.651 
3,5-Mar-2024,Polo,Cotton,Slim,Stonewashed,S,Spring,Black,9,16,1078.26,1207.6512,1932.24192,30,1352.57,1568.98,2/3/2024,6/2/2024,940,1,1568.98,1207.651 
3,6-Mar-2024,Polo,Cotton,Slim,Stonewashed,S,Spring,Black,9,16,1078.26,1207.6512,1932.24192,30,1352.57,1568.98,2/3/2024,6/2/2024,940,1,1568.98,1207.651 
3,6-Mar-2024,Polo,Cotton,Slim,Stonewashed,S,Spring,Black,9,16,1078.26,1207.6512,1932.24192,30,1352.57,1568.98,2/3/2024,6/2/2024,940,1,1568.98,1207.651 
3,6-Mar-2024,Polo,Cotton,Slim,Stonewashed,S,Spring,Black,9,16,1078.26,1207.6512,1932.24192,30,1352.57,1568.98,2/3/2024,6/2/2024,940,1,1568.98,1207.651 
3,6-Mar-2024,Polo,Cotton,Slim,Stonewashed,S,Spring,Black,9,16,1078.26,1207.6512,1932.24192,30,1352.57,1568.98,2/3/2024,6/2/2024,940,1,1568.98,1207.651 
3,7-Mar-2024,Polo,Cotton,Slim,Stonewashed,S,Spring,Black,9,16,1078.26,1207.6512,1932.24192,30,1352.57,1568.98,2/3/2024,6/2/2024,940,1,1568.98,1207.651 
3,7-Mar-2024,Polo,Cotton,Slim,Stonewashed,S,Spring,Black,9,16,1078.26,1207.6512,1932.24192,30,1352.57,1568.98,2/3/2024,6/2/2024,940,1,1568.98,1207.651 
3,7-Mar-2024,Polo,Cotton,Slim,Stonewashed,S,Spring,Black,9,16,1078.26,1207.6512,1932.24192,30,1352.57,1568.98,2/3/2024,6/2/2024,940,1,1568.98,1207.651 
3,7-Mar-2024,Polo,Cotton,Slim,Stonewashed,S,Spring,Black,9,16,1078.26,1207.6512,1932.24192,30,1352.57,1568.98,2/3/2024,6/2/2024,940,1,1568.98,1207.651 
3,8-Mar-2024,Polo,Cotton,Slim,Stonewashed,S,Spring,Black,9,16,1078.26,1207.6512,1932.24192,30,1352.57,1568.98,2/3/2024,6/2/2024,940,1,1568.98,1207.651 
3,8-Mar-2024,Polo,Cotton,Slim,Stonewashed,S,Spring,Black,9,16,1078.26,1207.6512,1932.24192,30,1352.57,1568.98,2/3/2024,6/2/2024,940,1,1568.98,1207.651 
3,8-Mar-2024,Polo,Cotton,Slim,Stonewashed,S,Spring,Black,9,16,1078.26,1207.6512,1932.24192,30,1352.57,1568.98,2/3/2024,6/2/2024,940,1,1568.98,1207.651 
3,8-Mar-2024,Polo,Cotton,Slim,Stonewashed,S,Spring,Black,9,16,1078.26,1207.6512,1932.24192,30,1352.57,1568.98,2/3/2024,6/2/2024,940,1,1568.98,1207.651 
3,9-Mar-2024,Polo,Cotton,Slim,Stonewashed,S,Spring,Black,9,16,1078.26,1207.6512,1932.24192,30,1352.57,1568.98,2/3/2024,6/2/2024,940,1,1568.98,1207.651 
3,9-Mar-2024,Polo,Cotton,Slim,Stonewashed,S,Spring,Black,9,16,1078.26,1207.6512,1932.24192,30,1352.57,1568.98,2/3/2024,6/2/2024,940,1,1568.98,1207.651 
3,9-Mar-2024,Polo,Cotton,Slim,Stonewashed,S,Spring,Black,9,16,1078.26,1207.6512,1932.24192,30,1352.57,1568.98,2/3/2024,6/2/2024,940,1,1568.98,1207.651 
3,9-Mar-2024,Polo,Cotton,Slim,Stonewashed,S,Spring,Black,9,16,1078.26,1207.6512,1932.24192,30,1352.57,1568.98,2/3/2024,6/2/2024,940,1,1568.98,1207.651 
3,10-Mar-2024,Polo,Cotton,Slim,Stonewashed,S,Spring,Black,9,16,1078.26,1207.6512,1932.24192,30,1352.57,1568.98,2/3/2024,6/2/2024,940,1,1568.98,1207.651 
3,10-Mar-2024,Polo,Cotton,Slim,Stonewashed,S,Spring,Black,9,16,1078.26,1207.6512,1932.24192,30,1352.57,1568.98,2/3/2024,6/2/2024,940,1,1568.98,1207.651 
3,10-Mar-2024,Polo,Cotton,Slim,Stonewashed,S,Spring,Black,9,16,1078.26,1207.6512,1932.24192,30,1352.57,1568.98,2/3/2024,6/2/2024,940,1,1568.98,1207.651 
3,10-Mar-2024,Polo,Cotton,Slim,Stonewashed,S,Spring,Black,9,16,1078.26,1207.6512,1932.24192,30,1352.57,1568.98,2/3/2024,6/2/2024,940,1,1568.98,1207.651 
3,11-Mar-2024,Polo,Cotton,Slim,Stonewashed,S,Spring,Black,9,16,1078.26,1207.6512,1932.24192,30,1352.57,1568.98,2/3/2024,6/2/2024,940,1,1568.98,1207.651 
3,11-Mar-2024,Polo,Cotton,Slim,Stonewashed,S,Spring,Black,9,16,1078.26,1207.6512,1932.24192,30,1352.57,1568.98,2/3/2024,6/2/2024,940,1,1568.98,1207.651 
3,11-Mar-2024,Polo,Cotton,Slim,Stonewashed,S,Spring,Black,9,16,1078.26,1207.6512,1932.24192,30,1352.57,1568.98,2/3/2024,6/2/2024,940,1,1568.98,1207.651 
3,11-Mar-2024,Polo,Cotton,Slim,Stonewashed,S,Spring,Black,9,16,1078.26,1207.6512,1932.24192,30,1352.57,1568.98,2/3/2024,6/2/2024,940,1,1568.98,1207.651 
3,11-Mar-2024,Polo,Cotton,Slim,Stonewashed,S,Spring,Black,9,16,1078.26,1207.6512,1932.24192,30,1352.57,1568.98,2/3/2024,6/2/2024,940,1,1568.98,1207.651 
3,12-Mar-2024,Polo,Cotton,Slim,Stonewashed,S,Spring,Black,9,16,1078.26,1207.6512,1932.24192,30,1352.57,1568.98,2/3/2024,6/2/2024,940,1,1568.98,1207.651 
3,12-Mar-2024,Polo,Cotton,Slim,Stonewashed,S,Spring,Black,9,16,1078.26,1207.6512,1932.24192,30,1352.57,1568.98,2/3/2024,6/2/2024,940,1,1568.98,1207.651 
3,12-Mar-2024,Polo,Cotton,Slim,Stonewashed,S,Spring,Black,9,16,1078.26,1207.6512,1932.24192,30,1352.57,1568.98,2/3/2024,6/2/2024,940,1,1568.98,1207.651 
3,12-Mar-2024,Polo,Cotton,Slim,Stonewashed,S,Spring,Black,9,16,1078.26,1207.6512,1932.24192,30,1352.57,1568.98,2/3/2024,6/2/2024,940,1,1568.98,1207.651 
3,13-Mar-2024,Polo,Cotton,Slim,Stonewashed,S,Spring,Black,9,16,1078.26,1207.6512,1932.24192,30,1352.57,1568.98,2/3/2024,6/2/2024,940,1,1568.98,1207.651 
3,13-Mar-2024,Polo,Cotton,Slim,Stonewashed,S,Spring,Black,9,16,1078.26,1207.6512,1932.24192,30,1352.57,1568.98,2/3/2024,6/2/2024,940,1,1568.98,1207.651 
3,13-Mar-2024,Polo,Cotton,Slim,Stonewashed,S,Spring,Black,9,16,1078.26,1207.6512,1932.24192,30,1352.57,1568.98,2/3/2024,6/2/2024,940,1,1568.98,1207.651 
3,13-Mar-2024,Polo,Cotton,Slim,Stonewashed,S,Spring,Black,9,16,1078.26,1207.6512,1932.24192,30,1352.57,1568.98,2/3/2024,6/2/2024,940,1,1568.98,1207.651 
3,14-Mar-2024,Polo,Cotton,Slim,Stonewashed,S,Spring,Black,9,16,1078.26,1207.6512,1932.24192,30,1352.57,1568.98,2/3/2024,6/2/2024,940,1,1568.98,1207.651 
3,14-Mar-2024,Polo,Cotton,Slim,Stonewashed,S,Spring,Black,9,16,1078.26,1207.6512,1932.24192,30,1352.57,1568.98,2/3/2024,6/2/2024,940,1,1568.98,1207.651 
3,14-Mar-2024,Polo,Cotton,Slim,Stonewashed,S,Spring,Black,9,16,1078.26,1207.6512,1932.24192,30,1352.57,1568.98,2/3/2024,6/2/2024,940,1,1568.98,1207.651 
3,14-Mar-2024,Polo,Cotton,Slim,Stonewashed,S,Spring,Black,9,16,1078.26,1207.6512,1932.24192,30,1352.57,1568.98,2/3/2024,6/2/2024,940,1,1568.98,1207.651 
3,15-Mar-2024,Polo,Cotton,Slim,Stonewashed,S,Spring,Black,9,16,1078.26,1207.6512,1932.24192,30,1352.57,1568.98,2/3/2024,6/2/2024,940,1,1568.98,1207.651 
3,15-Mar-2024,Polo,Cotton,Slim,Stonewashed,S,Spring,Black,9,16,1078.26,1207.6512,1932.24192,30,1352.57,1568.98,2/3/2024,6/2/2024,940,1,1568.98,1207.651 
3,15-Mar-2024,Polo,Cotton,Slim,Stonewashed,S,Spring,Black,9,16,1078.26,1207.6512,1932.24192,30,1352.57,1568.98,2/3/2024,6/2/2024,940,1,1568.98,1207.651 
3,15-Mar-2024,Polo,Cotton,Slim,Stonewashed,S,Spring,Black,9,16,1078.26,1207.6512,1932.24192,30,1352.57,1568.98,2/3/2024,6/2/2024,940,1,1568.98,1207.651 
3,16-Mar-2024,Polo,Cotton,Slim,Stonewashed,S,Spring,Black,9,16,1078.26,1207.6512,1932.24192,30,1352.57,1568.98,2/3/2024,6/2/2024,940,1,1568.98,1207.651 
3,16-Mar-2024,Polo,Cotton,Slim,Stonewashed,S,Spring,Black,9,16,1078.26,1207.6512,1932.24192,30,1352.57,1568.98,2/3/2024,6/2/2024,940,1,1568.98,1207.651 
3,16-Mar-2024,Polo,Cotton,Slim,Stonewashed,S,Spring,Black,9,16,1078.26,1207.6512,1932.24192,30,1352.57,1568.98,2/3/2024,6/2/2024,940,1,1568.98,1207.651 
3,16-Mar-2024,Polo,Cotton,Slim,Stonewashed,S,Spring,Black,9,16,1078.26,1207.6512,1932.24192,30,1352.57,1568.98,2/3/2024,6/2/2024,940,1,1568.98,1207.651 
3,17-Mar-2024,Polo,Cotton,Slim,Stonewashed,S,Spring,Black,9,16,1078.26,1207.6512,1932.24192,30,1352.57,1568.98,2/3/2024,6/2/2024,940,1,1568.98,1207.651 
3,17-Mar-2024,Polo,Cotton,Slim,Stonewashed,S,Spring,Black,9,16,1078.26,1207.6512,1932.24192,30,1352.57,1568.98,2/3/2024,6/2/2024,940,1,1568.98,1207.651 
3,17-Mar-2024,Polo,Cotton,Slim,Stonewashed,S,Spring,Black,9,16,1078.26,1207.6512,1932.24192,30,1352.57,1568.98,2/3/2024,6/2/2024,940,1,1568.98,1207.651 
3,17-Mar-2024,Polo,Cotton,Slim,Stonewashed,S,Spring,Black,9,16,1078.26,1207.6512,1932.24192,30,1352.57,1568.98,2/3/2024,6/2/2024,940,1,1568.98,1207.651 
3,18-Mar-2024,Polo,Cotton,Slim,Stonewashed,S,Spring,Black,9,16,1078.26,1207.6512,1932.24192,30,1352.57,1568.98,2/3/2024,6/2/2024,940,1,1568.98,1207.651 
3,18-Mar-2024,Polo,Cotton,Slim,Stonewashed,S,Spring,Black,9,16,1078.26,1207.6512,1932.24192,30,1352.57,1568.98,2/3/2024,6/2/2024,940,1,1568.98,1207.651 
3,18-Mar-2024,Polo,Cotton,Slim,Stonewashed,S,Spring,Black,9,16,1078.26,1207.6512,1932.24192,30,1352.57,1568.98,2/3/2024,6/2/2024,940,1,1568.98,1207.651 
3,18-Mar-2024,Polo,Cotton,Slim,Stonewashed,S,Spring,Black,9,16,1078.26,1207.6512,1932.24192,30,1352.57,1568.98,2/3/2024,6/2/2024,940,1,1568.98,1207.651 
3,18-Mar-2024,Polo,Cotton,Slim,Stonewashed,S,Spring,Black,9,16,1078.26,1207.6512,1932.24192,30,1352.57,1568.98,2/3/2024,6/2/2024,940,1,1568.98,1207.651 
3,19-Mar-2024,Polo,Cotton,Slim,Stonewashed,S,Spring,Black,9,16,1078.26,1207.6512,1932.24192,30,1352.57,1568.98,2/3/2024,6/2/2024,940,1,1568.98,1207.651 
3,19-Mar-2024,Polo,Cotton,Slim,Stonewashed,S,Spring,Black,9,16,1078.26,1207.6512,1932.24192,30,1352.57,1568.98,2/3/2024,6/2/2024,940,1,1568.98,1207.651 
3,19-Mar-2024,Polo,Cotton,Slim,Stonewashed,S,Spring,Black,9,16,1078.26,1207.6512,1932.24192,30,1352.57,1568.98,2/3/2024,6/2/2024,940,1,1568.98,1207.651 
3,19-Mar-2024,Polo,Cotton,Slim,Stonewashed,S,Spring,Black,9,16,1078.26,1207.6512,1932.24192,30,1352.57,1568.98,2/3/2024,6/2/2024,940,1,1568.98,1207.651 
3,20-Mar-2024,Polo,Cotton,Slim,Stonewashed,S,Spring,Black,9,16,1078.26,1207.6512,1932.24192,30,1352.57,1568.98,2/3/2024,6/2/2024,940,1,1568.98,1207.651 
3,20-Mar-2024,Polo,Cotton,Slim,Stonewashed,S,Spring,Black,9,16,1078.26,1207.6512,1932.24192,30,1352.57,1568.98,2/3/2024,6/2/2024,940,1,1568.98,1207.651 
3,20-Mar-2024,Polo,Cotton,Slim,Stonewashed,S,Spring,Black,9,16,1078.26,1207.6512,1932.24192,30,1352.57,1568.98,2/3/2024,6/2/2024,940,1,1568.98,1207.651 
3,20-Mar-2024,Polo,Cotton,Slim,Stonewashed,S,Spring,Black,9,16,1078.26,1207.6512,1932.24192,30,1352.57,1568.98,2/3/2024,6/2/2024,940,1,1568.98,1207.651 
3,21-Mar-2024,Polo,Cotton,Slim,Stonewashed,S,Spring,Black,9,16,1078.26,1207.6512,1932.24192,30,1352.57,1568.98,2/3/2024,6/2/2024,940,1,1568.98,1207.651 
3,21-Mar-2024,Polo,Cotton,Slim,Stonewashed,S,Spring,Black,9,16,1078.26,1207.6512,1932.24192,30,1352.57,1568.98,2/3/2024,6/2/2024,940,1,1568.98,1207.651 
3,21-Mar-2024,Polo,Cotton,Slim,Stonewashed,S,Spring,Black,9,16,1078.26,1207.6512,1932.24192,30,1352.57,1568.98,2/3/2024,6/2/2024,940,1,1568.98,1207.651 
3,21-Mar-2024,Polo,Cotton,Slim,Stonewashed,S,Spring,Black,9,16,1078.26,1207.6512,1932.24192,30,1352.57,1568.98,2/3/2024,6/2/2024,940,1,1568.98,1207.651 
3,22-Mar-2024,Polo,Cotton,Slim,Stonewashed,S,Spring,Black,9,16,1078.26,1207.6512,1932.24192,30,1352.57,1568.98,2/3/2024,6/2/2024,940,1,1568.98,1207.651 
3,22-Mar-2024,Polo,Cotton,Slim,Stonewashed,S,Spring,Black,9,16,1078.26,1207.6512,1932.24192,30,1352.57,1568.98,2/3/2024,6/2/2024,940,1,1568.98,1207.651 
3,22-Mar-2024,Polo,Cotton,Slim,Stonewashed,S,Spring,Black,9,16,1078.26,1207.6512,1932.24192,30,1352.57,1568.98,2/3/2024,6/2/2024,940,1,1568.98,1207.651 
3,22-Mar-2024,Polo,Cotton,Slim,Stonewashed,S,Spring,Black,9,16,1078.26,1207.6512,1932.24192,30,1352.57,1568.98,2/3/2024,6/2/2024,940,1,1568.98,1207.651 
3,23-Mar-2024,Polo,Cotton,Slim,Stonewashed,S,Spring,Black,9,16,1078.26,1207.6512,1932.24192,30,1352.57,1568.98,2/3/2024,6/2/2024,940,1,1568.98,1207.651 
3,23-Mar-2024,Polo,Cotton,Slim,Stonewashed,S,Spring,Black,9,16,1078.26,1207.6512,1932.24192,30,1352.57,1568.98,2/3/2024,6/2/2024,940,1,1568.98,1207.651 
3,23-Mar-2024,Polo,Cotton,Slim,Stonewashed,S,Spring,Black,9,16,1078.26,1207.6512,1932.24192,30,1352.57,1568.98,2/3/2024,6/2/2024,940,1,1568.98,1207.651 
3,23-Mar-2024,Polo,Cotton,Slim,Stonewashed,S,Spring,Black,9,16,1078.26,1207.6512,1932.24192,30,1352.57,1568.98,2/3/2024,6/2/2024,940,1,1568.98,1207.651 
3,24-Mar-2024,Polo,Cotton,Slim,Stonewashed,S,Spring,Black,9,16,1078.26,1207.6512,1932.24192,30,1352.57,1568.98,2/3/2024,6/2/2024,940,1,1568.98,1207.651 
3,24-Mar-2024,Polo,Cotton,Slim,Stonewashed,S,Spring,Black,9,16,1078.26,1207.6512,1932.24192,30,1352.57,1568.98,2/3/2024,6/2/2024,940,1,1568.98,1207.651 
3,24-Mar-2024,Polo,Cotton,Slim,Stonewashed,S,Spring,Black,9,16,1078.26,1207.6512,1932.24192,30,1352.57,1568.98,2/3/2024,6/2/2024,940,1,1568.98,1207.651 
3,24-Mar-2024,Polo,Cotton,Slim,Stonewashed,S,Spring,Black,9,16,1078.26,1207.6512,1932.24192,30,1352.57,1568.98,2/3/2024,6/2/2024,940,1,1568.98,1207.651 
3,24-Mar-2024,Polo,Cotton,Slim,Stonewashed,S,Spring,Black,9,16,1078.26,1207.6512,1932.24192,30,1352.57,1568.98,2/3/2024,6/2/2024,940,1,1568.98,1207.651 
3,25-Mar-2024,Polo,Cotton,Slim,Stonewashed,S,Spring,Black,9,16,1078.26,1207.6512,1932.24192,30,1352.57,1568.98,2/3/2024,6/2/2024,940,1,1568.98,1207.651 
3,25-Mar-2024,Polo,Cotton,Slim,Stonewashed,S,Spring,Black,9,16,1078.26,1207.6512,1932.24192,30,1352.57,1568.98,2/3/2024,6/2/2024,940,1,1568.98,1207.651 
3,25-Mar-2024,Polo,Cotton,Slim,Stonewashed,S,Spring,Black,9,16,1078.26,1207.6512,1932.24192,30,1352.57,1568.98,2/3/2024,6/2/2024,940,1,1568.98,1207.651 
3,25-Mar-2024,Polo,Cotton,Slim,Stonewashed,S,Spring,Black,9,16,1078.26,1207.6512,1932.24192,30,1352.57,1568.98,2/3/2024,6/2/2024,940,1,1568.98,1207.651 
3,26-Mar-2024,Polo,Cotton,Slim,Stonewashed,S,Spring,Black,9,16,1078.26,1207.6512,1932.24192,30,1352.57,1568.98,2/3/2024,6/2/2024,940,1,1568.98,1207.651 
3,26-Mar-2024,Polo,Cotton,Slim,Stonewashed,S,Spring,Black,9,16,1078.26,1207.6512,1932.24192,30,1352.57,1568.98,2/3/2024,6/2/2024,940,1,1568.98,1207.651 
3,26-Mar-2024,Polo,Cotton,Slim,Stonewashed,S,Spring,Black,9,16,1078.26,1207.6512,1932.24192,30,1352.57,1568.98,2/3/2024,6/2/2024,940,1,1568.98,1207.651 
3,26-Mar-2024,Polo,Cotton,Slim,Stonewashed,S,Spring,Black,9,16,1078.26,1207.6512,1932.24192,30,1352.57,1568.98,2/3/2024,6/2/2024,940,1,1568.98,1207.651 
3,27-Mar-2024,Polo,Cotton,Slim,Stonewashed,S,Spring,Black,9,16,1078.26,1207.6512,1932.24192,30,1352.57,1568.98,2/3/2024,6/2/2024,940,1,1568.98,1207.651 
3,27-Mar-2024,Polo,Cotton,Slim,Stonewashed,S,Spring,Black,9,16,1078.26,1207.6512,1932.24192,30,1352.57,1568.98,2/3/2024,6/2/2024,940,1,1568.98,1207.651 
3,27-Mar-2024,Polo,Cotton,Slim,Stonewashed,S,Spring,Black,9,16,1078.26,1207.6512,1932.24192,30,1352.57,1568.98,2/3/2024,6/2/2024,940,1,1568.98,1207.651 
3,27-Mar-2024,Polo,Cotton,Slim,Stonewashed,S,Spring,Black,9,16,1078.26,1207.6512,1932.24192,30,1352.57,1568.98,2/3/2024,6/2/2024,940,1,1568.98,1207.651 
3,28-Mar-2024,Polo,Cotton,Slim,Stonewashed,S,Spring,Black,9,16,1078.26,1207.6512,1932.24192,30,1352.57,1568.98,2/3/2024,6/2/2024,940,1,1568.98,1207.651 
3,28-Mar-2024,Polo,Cotton,Slim,Stonewashed,S,Spring,Black,9,16,1078.26,1207.6512,1932.24192,30,1352.57,1568.98,2/3/2024,6/2/2024,940,1,1568.98,1207.651 
3,28-Mar-2024,Polo,Cotton,Slim,Stonewashed,S,Spring,Black,9,16,1078.26,1207.6512,1932.24192,30,1352.57,1568.98,2/3/2024,6/2/2024,940,1,1568.98,1207.651 
3,28-Mar-2024,Polo,Cotton,Slim,Stonewashed,S,Spring,Black,9,16,1078.26,1207.6512,1932.24192,30,1352.57,1568.98,2/3/2024,6/2/2024,940,1,1568.98,1207.651 
3,29-Mar-2024,Polo,Cotton,Slim,Stonewashed,S,Spring,Black,9,16,1078.26,1207.6512,1932.24192,30,1352.57,1568.98,2/3/2024,6/2/2024,940,1,1568.98,1207.651 
3,29-Mar-2024,Polo,Cotton,Slim,Stonewashed,S,Spring,Black,9,16,1078.26,1207.6512,1932.24192,30,1352.57,1568.98,2/3/2024,6/2/2024,940,1,1568.98,1207.651 
3,29-Mar-2024,Polo,Cotton,Slim,Stonewashed,S,Spring,Black,9,16,1078.26,1207.6512,1932.24192,30,1352.57,1568.98,2/3/2024,6/2/2024,940,1,1568.98,1207.651 
3,29-Mar-2024,Polo,Cotton,Slim,Stonewashed,S,Spring,Black,9,16,1078.26,1207.6512,1932.24192,30,1352.57,1568.98,2/3/2024,6/2/2024,940,1,1568.98,1207.651 
3,30-Mar-2024,Polo,Cotton,Slim,Stonewashed,S,Spring,Black,9,16,1078.26,1207.6512,1932.24192,30,1352.57,1568.98,2/3/2024,6/2/2024,940,1,1568.98,1207.651 
3,30-Mar-2024,Polo,Cotton,Slim,Stonewashed,S,Spring,Black,9,16,1078.26,1207.6512,1932.24192,30,1352.57,1568.98,2/3/2024,6/2/2024,940,1,1568.98,1207.651 
3,30-Mar-2024,Polo,Cotton,Slim,Stonewashed,S,Spring,Black,9,16,1078.26,1207.6512,1932.24192,30,1352.57,1568.98,2/3/2024,6/2/2024,940,1,1568.98,1207.651 
3,30-Mar-2024,Polo,Cotton,Slim,Stonewashed,S,Spring,Black,9,16,1078.26,1207.6512,1932.24192,30,1352.57,1568.98,2/3/2024,6/2/2024,940,1,1568.98,1207.651 
3,30-Mar-2024,Polo,Cotton,Slim,Stonewashed,S,Spring,Black,9,16,1078.26,1207.6512,1932.24192,30,1352.57,1568.98,2/3/2024,6/2/2024,940,1,1568.98,1207.651 
3,31-Mar-2024,Polo,Cotton,Slim,Stonewashed,S,Spring,Black,9,16,1078.26,1207.6512,1932.24192,30,1352.57,1568.98,2/3/2024,6/2/2024,940,1,1568.98,1207.651 
3,31-Mar-2024,Polo,Cotton,Slim,Stonewashed,S,Spring,Black,9,16,1078.26,1207.6512,1932.24192,30,1352.57,1568.98,2/3/2024,6/2/2024,940,1,1568.98,1207.651 
3,31-Mar-2024,Polo,Cotton,Slim,Stonewashed,S,Spring,Black,9,16,1078.26,1207.6512,1932.24192,30,1352.57,1568.98,2/3/2024,6/2/2024,940,1,1568.98,1207.651 
3,31-Mar-2024,Polo,Cotton,Slim,Stonewashed,S,Spring,Black,9,16,1078.26,1207.6512,1932.24192,30,1352.57,1568.98,2/3/2024,6/2/2024,940,1,1568.98,1207.651 
3,1-Apr-2024,Polo,Cotton,Slim,Stonewashed,S,Spring,Black,9,16,1078.26,1207.6512,1932.24192,30,1352.57,1568.98,2/3/2024,6/2/2024,940,1,1568.98,1207.651 
3,1-Apr-2024,Polo,Cotton,Slim,Stonewashed,S,Spring,Black,9,16,1078.26,1207.6512,1932.24192,30,1352.57,1568.98,2/3/2024,6/2/2024,940,1,1568.98,1207.651 
3,1-Apr-2024,Polo,Cotton,Slim,Stonewashed,S,Spring,Black,9,16,1078.26,1207.6512,1932.24192,30,1352.57,1568.98,2/3/2024,6/2/2024,940,1,1568.98,1207.651 
3,1-Apr-2024,Polo,Cotton,Slim,Stonewashed,S,Spring,Black,9,16,1078.26,1207.6512,1932.24192,30,1352.57,1568.98,2/3/2024,6/2/2024,940,1,1568.98,1207.651 
3,2-Apr-2024,Polo,Cotton,Slim,Stonewashed,S,Spring,Black,9,16,1078.26,1207.6512,1932.24192,30,1352.57,1568.98,2/3/2024,6/2/2024,940,1,1568.98,1207.651 
3,2-Apr-2024,Polo,Cotton,Slim,Stonewashed,S,Spring,Black,9,16,1078.26,1207.6512,1932.24192,30,1352.57,1568.98,2/3/2024,6/2/2024,940,1,1568.98,1207.651 
3,2-Apr-2024,Polo,Cotton,Slim,Stonewashed,S,Spring,Black,9,16,1078.26,1207.6512,1932.24192,30,1352.57,1568.98,2/3/2024,6/2/2024,940,1,1568.98,1207.651 
3,2-Apr-2024,Polo,Cotton,Slim,Stonewashed,S,Spring,Black,9,16,1078.26,1207.6512,1932.24192,30,1352.57,1568.98,2/3/2024,6/2/2024,940,1,1568.98,1207.651 
3,3-Apr-2024,Polo,Cotton,Slim,Stonewashed,S,Spring,Black,9,16,1078.26,1207.6512,1932.24192,30,1352.57,1568.98,2/3/2024,6/2/2024,940,1,1568.98,1207.651 
3,3-Apr-2024,Polo,Cotton,Slim,Stonewashed,S,Spring,Black,9,16,1078.26,1207.6512,1932.24192,30,1352.57,1568.98,2/3/2024,6/2/2024,940,1,1568.98,1207.651 
3,3-Apr-2024,Polo,Cotton,Slim,Stonewashed,S,Spring,Black,9,16,1078.26,1207.6512,1932.24192,30,1352.57,1568.98,2/3/2024,6/2/2024,940,1,1568.98,1207.651 
3,3-Apr-2024,Polo,Cotton,Slim,Stonewashed,S,Spring,Black,9,16,1078.26,1207.6512,1932.24192,30,1352.57,1568.98,2/3/2024,6/2/2024,940,1,1568.98,1207.651 
3,4-Apr-2024,Polo,Cotton,Slim,Stonewashed,S,Spring,Black,9,16,1078.26,1207.6512,1932.24192,30,1352.57,1568.98,2/3/2024,6/2/2024,940,1,1568.98,1207.651 
3,4-Apr-2024,Polo,Cotton,Slim,Stonewashed,S,Spring,Black,9,16,1078.26,1207.6512,1932.24192,30,1352.57,1568.98,2/3/2024,6/2/2024,940,1,1568.98,1207.651 
3,4-Apr-2024,Polo,Cotton,Slim,Stonewashed,S,Spring,Black,9,16,1078.26,1207.6512,1932.24192,30,1352.57,1568.98,2/3/2024,6/2/2024,940,1,1568.98,1207.651 
3,4-Apr-2024,Polo,Cotton,Slim,Stonewashed,S,Spring,Black,9,16,1078.26,1207.6512,1932.24192,30,1352.57,1568.98,2/3/2024,6/2/2024,940,1,1568.98,1207.651 
3,5-Apr-2024,Polo,Cotton,Slim,Stonewashed,S,Spring,Black,9,16,1078.26,1207.6512,1932.24192,30,1352.57,1568.98,2/3/2024,6/2/2024,940,1,1568.98,1207.651 
3,5-Apr-2024,Polo,Cotton,Slim,Stonewashed,S,Spring,Black,9,16,1078.26,1207.6512,1932.24192,30,1352.57,1568.98,2/3/2024,6/2/2024,940,1,1568.98,1207.651 
3,5-Apr-2024,Polo,Cotton,Slim,Stonewashed,S,Spring,Black,9,16,1078.26,1207.6512,1932.24192,30,1352.57,1568.98,2/3/2024,6/2/2024,940,1,1568.98,1207.651 
3,5-Apr-2024,Polo,Cotton,Slim,Stonewashed,S,Spring,Black,9,16,1078.26,1207.6512,1932.24192,30,1352.57,1568.98,2/3/2024,6/2/2024,940,1,1568.98,1207.651 
3,6-Apr-2024,Polo,Cotton,Slim,Stonewashed,S,Spring,Black,9,16,1078.26,1207.6512,1932.24192,30,1352.57,1568.98,2/3/2024,6/2/2024,940,1,1568.98,1207.651 
3,6-Apr-2024,Polo,Cotton,Slim,Stonewashed,S,Spring,Black,9,16,1078.26,1207.6512,1932.24192,30,1352.57,1568.98,2/3/2024,6/2/2024,940,1,1568.98,1207.651 
3,6-Apr-2024,Polo,Cotton,Slim,Stonewashed,S,Spring,Black,9,16,1078.26,1207.6512,1932.24192,30,1352.57,1568.98,2/3/2024,6/2/2024,940,1,1568.98,1207.651 
3,6-Apr-2024,Polo,Cotton,Slim,Stonewashed,S,Spring,Black,9,16,1078.26,1207.6512,1932.24192,30,1352.57,1568.98,2/3/2024,6/2/2024,940,1,1568.98,1207.651 
3,6-Apr-2024,Polo,Cotton,Slim,Stonewashed,S,Spring,Black,9,16,1078.26,1207.6512,1932.24192,30,1352.57,1568.98,2/3/2024,6/2/2024,940,1,1568.98,1207.651 
3,7-Apr-2024,Polo,Cotton,Slim,Stonewashed,S,Spring,Black,9,16,1078.26,1207.6512,1932.24192,30,1352.57,1568.98,2/3/2024,6/2/2024,940,1,1568.98,1207.651 
3,7-Apr-2024,Polo,Cotton,Slim,Stonewashed,S,Spring,Black,9,16,1078.26,1207.6512,1932.24192,30,1352.57,1568.98,2/3/2024,6/2/2024,940,1,1568.98,1207.651 
3,7-Apr-2024,Polo,Cotton,Slim,Stonewashed,S,Spring,Black,9,16,1078.26,1207.6512,1932.24192,30,1352.57,1568.98,2/3/2024,6/2/2024,940,1,1568.98,1207.651 
3,7-Apr-2024,Polo,Cotton,Slim,Stonewashed,S,Spring,Black,9,16,1078.26,1207.6512,1932.24192,30,1352.57,1568.98,2/3/2024,6/2/2024,940,1,1568.98,1207.651 
3,8-Apr-2024,Polo,Cotton,Slim,Stonewashed,S,Spring,Black,9,16,1078.26,1207.6512,1932.24192,30,1352.57,1568.98,2/3/2024,6/2/2024,940,1,1568.98,1207.651 
3,8-Apr-2024,Polo,Cotton,Slim,Stonewashed,S,Spring,Black,9,16,1078.26,1207.6512,1932.24192,30,1352.57,1568.98,2/3/2024,6/2/2024,940,1,1568.98,1207.651 
3,8-Apr-2024,Polo,Cotton,Slim,Stonewashed,S,Spring,Black,9,16,1078.26,1207.6512,1932.24192,30,1352.57,1568.98,2/3/2024,6/2/2024,940,1,1568.98,1207.651 
3,8-Apr-2024,Polo,Cotton,Slim,Stonewashed,S,Spring,Black,9,16,1078.26,1207.6512,1932.24192,30,1352.57,1568.98,2/3/2024,6/2/2024,940,1,1568.98,1207.651 
3,9-Apr-2024,Polo,Cotton,Slim,Stonewashed,S,Spring,Black,9,16,1078.26,1207.6512,1932.24192,30,1352.57,1568.98,2/3/2024,6/2/2024,940,1,1568.98,1207.651 
3,9-Apr-2024,Polo,Cotton,Slim,Stonewashed,S,Spring,Black,9,16,1078.26,1207.6512,1932.24192,30,1352.57,1568.98,2/3/2024,6/2/2024,940,1,1568.98,1207.651 
3,9-Apr-2024,Polo,Cotton,Slim,Stonewashed,S,Spring,Black,9,16,1078.26,1207.6512,1932.24192,30,1352.57,1568.98,2/3/2024,6/2/2024,940,1,1568.98,1207.651 
3,9-Apr-2024,Polo,Cotton,Slim,Stonewashed,S,Spring,Black,9,16,1078.26,1207.6512,1932.24192,30,1352.57,1568.98,2/3/2024,6/2/2024,940,1,1568.98,1207.651 
3,10-Apr-2024,Polo,Cotton,Slim,Stonewashed,S,Spring,Black,9,16,1078.26,1207.6512,1932.24192,30,1352.57,1568.98,2/3/2024,6/2/2024,940,1,1568.98,1207.651 
3,10-Apr-2024,Polo,Cotton,Slim,Stonewashed,S,Spring,Black,9,16,1078.26,1207.6512,1932.24192,30,1352.57,1568.98,2/3/2024,6/2/2024,940,1,1568.98,1207.651 
3,10-Apr-2024,Polo,Cotton,Slim,Stonewashed,S,Spring,Black,9,16,1078.26,1207.6512,1932.24192,30,1352.57,1568.98,2/3/2024,6/2/2024,940,1,1568.98,1207.651 
3,10-Apr-2024,Polo,Cotton,Slim,Stonewashed,S,Spring,Black,9,16,1078.26,1207.6512,1932.24192,30,1352.57,1568.98,2/3/2024,6/2/2024,940,1,1568.98,1207.651 
3,11-Apr-2024,Polo,Cotton,Slim,Stonewashed,S,Spring,Black,9,16,1078.26,1207.6512,1932.24192,30,1352.57,1568.98,2/3/2024,6/2/2024,940,1,1568.98,1207.651 
3,11-Apr-2024,Polo,Cotton,Slim,Stonewashed,S,Spring,Black,9,16,1078.26,1207.6512,1932.24192,30,1352.57,1568.98,2/3/2024,6/2/2024,940,1,1568.98,1207.651 
3,11-Apr-2024,Polo,Cotton,Slim,Stonewashed,S,Spring,Black,9,16,1078.26,1207.6512,1932.24192,30,1352.57,1568.98,2/3/2024,6/2/2024,940,1,1568.98,1207.651 
3,11-Apr-2024,Polo,Cotton,Slim,Stonewashed,S,Spring,Black,9,16,1078.26,1207.6512,1932.24192,30,1352.57,1568.98,2/3/2024,6/2/2024,940,1,1568.98,1207.651 
3,12-Apr-2024,Polo,Cotton,Slim,Stonewashed,S,Spring,Black,9,16,1078.26,1207.6512,1932.24192,30,1352.57,1568.98,2/3/2024,6/2/2024,940,1,1568.98,1207.651 
3,12-Apr-2024,Polo,Cotton,Slim,Stonewashed,S,Spring,Black,9,16,1078.26,1207.6512,1932.24192,30,1352.57,1568.98,2/3/2024,6/2/2024,940,1,1568.98,1207.651 
3,12-Apr-2024,Polo,Cotton,Slim,Stonewashed,S,Spring,Black,9,16,1078.26,1207.6512,1932.24192,30,1352.57,1568.98,2/3/2024,6/2/2024,940,1,1568.98,1207.651 
3,12-Apr-2024,Polo,Cotton,Slim,Stonewashed,S,Spring,Black,9,16,1078.26,1207.6512,1932.24192,30,1352.57,1568.98,2/3/2024,6/2/2024,940,1,1568.98,1207.651 
3,12-Apr-2024,Polo,Cotton,Slim,Stonewashed,S,Spring,Black,9,16,1078.26,1207.6512,1932.24192,30,1352.57,1568.98,2/3/2024,6/2/2024,940,1,1568.98,1207.651 
3,13-Apr-2024,Polo,Cotton,Slim,Stonewashed,S,Spring,Black,9,16,1078.26,1207.6512,1932.24192,30,1352.57,1568.98,2/3/2024,6/2/2024,940,1,1568.98,1207.651 
3,13-Apr-2024,Polo,Cotton,Slim,Stonewashed,S,Spring,Black,9,16,1078.26,1207.6512,1932.24192,30,1352.57,1568.98,2/3/2024,6/2/2024,940,1,1568.98,1207.651 
3,13-Apr-2024,Polo,Cotton,Slim,Stonewashed,S,Spring,Black,9,16,1078.26,1207.6512,1932.24192,30,1352.57,1568.98,2/3/2024,6/2/2024,940,1,1568.98,1207.651 
3,13-Apr-2024,Polo,Cotton,Slim,Stonewashed,S,Spring,Black,9,16,1078.26,1207.6512,1932.24192,30,1352.57,1568.98,2/3/2024,6/2/2024,940,1,1568.98,1207.651 
3,14-Apr-2024,Polo,Cotton,Slim,Stonewashed,S,Spring,Black,9,16,1078.26,1207.6512,1932.24192,30,1352.57,1568.98,2/3/2024,6/2/2024,940,1,1568.98,1207.651 
3,14-Apr-2024,Polo,Cotton,Slim,Stonewashed,S,Spring,Black,9,16,1078.26,1207.6512,1932.24192,30,1352.57,1568.98,2/3/2024,6/2/2024,940,1,1568.98,1207.651 
3,14-Apr-2024,Polo,Cotton,Slim,Stonewashed,S,Spring,Black,9,16,1078.26,1207.6512,1932.24192,30,1352.57,1568.98,2/3/2024,6/2/2024,940,1,1568.98,1207.651 
3,14-Apr-2024,Polo,Cotton,Slim,Stonewashed,S,Spring,Black,9,16,1078.26,1207.6512,1932.24192,30,1352.57,1568.98,2/3/2024,6/2/2024,940,1,1568.98,1207.651 
3,15-Apr-2024,Polo,Cotton,Slim,Stonewashed,S,Spring,Black,9,16,1078.26,1207.6512,1932.24192,30,1352.57,1568.98,2/3/2024,6/2/2024,940,1,1568.98,1207.651 
3,15-Apr-2024,Polo,Cotton,Slim,Stonewashed,S,Spring,Black,9,16,1078.26,1207.6512,1932.24192,30,1352.57,1568.98,2/3/2024,6/2/2024,940,1,1568.98,1207.651 
3,15-Apr-2024,Polo,Cotton,Slim,Stonewashed,S,Spring,Black,9,16,1078.26,1207.6512,1932.24192,30,1352.57,1568.98,2/3/2024,6/2/2024,940,1,1568.98,1207.651 
3,15-Apr-2024,Polo,Cotton,Slim,Stonewashed,S,Spring,Black,9,16,1078.26,1207.6512,1932.24192,30,1352.57,1568.98,2/3/2024,6/2/2024,940,1,1568.98,1207.651 
3,16-Apr-2024,Polo,Cotton,Slim,Stonewashed,S,Spring,Black,9,16,1078.26,1207.6512,1932.24192,30,1352.57,1568.98,2/3/2024,6/2/2024,940,1,1568.98,1207.651 
3,16-Apr-2024,Polo,Cotton,Slim,Stonewashed,S,Spring,Black,9,16,1078.26,1207.6512,1932.24192,30,1352.57,1568.98,2/3/2024,6/2/2024,940,1,1568.98,1207.651 
3,16-Apr-2024,Polo,Cotton,Slim,Stonewashed,S,Spring,Black,9,16,1078.26,1207.6512,1932.24192,30,1352.57,1568.98,2/3/2024,6/2/2024,940,1,1568.98,1207.651 
3,16-Apr-2024,Polo,Cotton,Slim,Stonewashed,S,Spring,Black,9,16,1078.26,1207.6512,1932.24192,30,1352.57,1568.98,2/3/2024,6/2/2024,940,1,1568.98,1207.651 
3,17-Apr-2024,Polo,Cotton,Slim,Stonewashed,S,Spring,Black,9,16,1078.26,1207.6512,1932.24192,30,1352.57,1568.98,2/3/2024,6/2/2024,940,1,1568.98,1207.651 
3,17-Apr-2024,Polo,Cotton,Slim,Stonewashed,S,Spring,Black,9,16,1078.26,1207.6512,1932.24192,30,1352.57,1568.98,2/3/2024,6/2/2024,940,1,1568.98,1207.651 
3,17-Apr-2024,Polo,Cotton,Slim,Stonewashed,S,Spring,Black,9,16,1078.26,1207.6512,1932.24192,30,1352.57,1568.98,2/3/2024,6/2/2024,940,1,1568.98,1207.651 
3,17-Apr-2024,Polo,Cotton,Slim,Stonewashed,S,Spring,Black,9,16,1078.26,1207.6512,1932.24192,30,1352.57,1568.98,2/3/2024,6/2/2024,940,1,1568.98,1207.651 
3,18-Apr-2024,Polo,Cotton,Slim,Stonewashed,S,Spring,Black,9,16,1078.26,1207.6512,1932.24192,30,1352.57,1568.98,2/3/2024,6/2/2024,940,1,1568.98,1207.651 
3,18-Apr-2024,Polo,Cotton,Slim,Stonewashed,S,Spring,Black,9,16,1078.26,1207.6512,1932.24192,30,1352.57,1568.98,2/3/2024,6/2/2024,940,1,1568.98,1207.651 
3,18-Apr-2024,Polo,Cotton,Slim,Stonewashed,S,Spring,Black,9,16,1078.26,1207.6512,1932.24192,30,1352.57,1568.98,2/3/2024,6/2/2024,940,1,1568.98,1207.651 
3,18-Apr-2024,Polo,Cotton,Slim,Stonewashed,S,Spring,Black,9,16,1078.26,1207.6512,1932.24192,30,1352.57,1568.98,2/3/2024,6/2/2024,940,1,1568.98,1207.651 
3,18-Apr-2024,Polo,Cotton,Slim,Stonewashed,S,Spring,Black,9,16,1078.26,1207.6512,1932.24192,30,1352.57,1568.98,2/3/2024,6/2/2024,940,1,1568.98,1207.651 
3,19-Apr-2024,Polo,Cotton,Slim,Stonewashed,S,Spring,Black,9,16,1078.26,1207.6512,1932.24192,30,1352.57,1568.98,2/3/2024,6/2/2024,940,1,1568.98,1207.651 
3,19-Apr-2024,Polo,Cotton,Slim,Stonewashed,S,Spring,Black,9,16,1078.26,1207.6512,1932.24192,30,1352.57,1568.98,2/3/2024,6/2/2024,940,1,1568.98,1207.651 
3,19-Apr-2024,Polo,Cotton,Slim,Stonewashed,S,Spring,Black,9,16,1078.26,1207.6512,1932.24192,30,1352.57,1568.98,2/3/2024,6/2/2024,940,1,1568.98,1207.651 
3,19-Apr-2024,Polo,Cotton,Slim,Stonewashed,S,Spring,Black,9,16,1078.26,1207.6512,1932.24192,30,1352.57,1568.98,2/3/2024,6/2/2024,940,1,1568.98,1207.651 
3,20-Apr-2024,Polo,Cotton,Slim,Stonewashed,S,Spring,Black,9,16,1078.26,1207.6512,1932.24192,30,1352.57,1568.98,2/3/2024,6/2/2024,940,1,1568.98,1207.651 
3,20-Apr-2024,Polo,Cotton,Slim,Stonewashed,S,Spring,Black,9,16,1078.26,1207.6512,1932.24192,30,1352.57,1568.98,2/3/2024,6/2/2024,940,1,1568.98,1207.651 
3,20-Apr-2024,Polo,Cotton,Slim,Stonewashed,S,Spring,Black,9,16,1078.26,1207.6512,1932.24192,30,1352.57,1568.98,2/3/2024,6/2/2024,940,1,1568.98,1207.651 
3,20-Apr-2024,Polo,Cotton,Slim,Stonewashed,S,Spring,Black,9,16,1078.26,1207.6512,1932.24192,30,1352.57,1568.98,2/3/2024,6/2/2024,940,1,1568.98,1207.651 
3,21-Apr-2024,Polo,Cotton,Slim,Stonewashed,S,Spring,Black,9,16,1078.26,1207.6512,1932.24192,30,1352.57,1568.98,2/3/2024,6/2/2024,940,1,1568.98,1207.651 
3,21-Apr-2024,Polo,Cotton,Slim,Stonewashed,S,Spring,Black,9,16,1078.26,1207.6512,1932.24192,30,1352.57,1568.98,2/3/2024,6/2/2024,940,1,1568.98,1207.651 
3,21-Apr-2024,Polo,Cotton,Slim,Stonewashed,S,Spring,Black,9,16,1078.26,1207.6512,1932.24192,30,1352.57,1568.98,2/3/2024,6/2/2024,940,1,1568.98,1207.651 
3,21-Apr-2024,Polo,Cotton,Slim,Stonewashed,S,Spring,Black,9,16,1078.26,1207.6512,1932.24192,30,1352.57,1568.98,2/3/2024,6/2/2024,940,1,1568.98,1207.651 
3,22-Apr-2024,Polo,Cotton,Slim,Stonewashed,S,Spring,Black,9,16,1078.26,1207.6512,1932.24192,30,1352.57,1568.98,2/3/2024,6/2/2024,940,1,1568.98,1207.651 
3,22-Apr-2024,Polo,Cotton,Slim,Stonewashed,S,Spring,Black,9,16,1078.26,1207.6512,1932.24192,30,1352.57,1568.98,2/3/2024,6/2/2024,940,1,1568.98,1207.651 
3,22-Apr-2024,Polo,Cotton,Slim,Stonewashed,S,Spring,Black,9,16,1078.26,1207.6512,1932.24192,30,1352.57,1568.98,2/3/2024,6/2/2024,940,1,1568.98,1207.651 
3,22-Apr-2024,Polo,Cotton,Slim,Stonewashed,S,Spring,Black,9,16,1078.26,1207.6512,1932.24192,30,1352.57,1568.98,2/3/2024,6/2/2024,940,1,1568.98,1207.651 
3,23-Apr-2024,Polo,Cotton,Slim,Stonewashed,S,Spring,Black,9,16,1078.26,1207.6512,1932.24192,30,1352.57,1568.98,2/3/2024,6/2/2024,940,1,1568.98,1207.651 
3,23-Apr-2024,Polo,Cotton,Slim,Stonewashed,S,Spring,Black,9,16,1078.26,1207.6512,1932.24192,30,1352.57,1568.98,2/3/2024,6/2/2024,940,1,1568.98,1207.651 
3,23-Apr-2024,Polo,Cotton,Slim,Stonewashed,S,Spring,Black,9,16,1078.26,1207.6512,1932.24192,30,1352.57,1568.98,2/3/2024,6/2/2024,940,1,1568.98,1207.651 
3,23-Apr-2024,Polo,Cotton,Slim,Stonewashed,S,Spring,Black,9,16,1078.26,1207.6512,1932.24192,30,1352.57,1568.98,2/3/2024,6/2/2024,940,1,1568.98,1207.651 
3,24-Apr-2024,Polo,Cotton,Slim,Stonewashed,S,Spring,Black,9,16,1078.26,1207.6512,1932.24192,30,1352.57,1568.98,2/3/2024,6/2/2024,940,1,1568.98,1207.651 
3,24-Apr-2024,Polo,Cotton,Slim,Stonewashed,S,Spring,Black,9,16,1078.26,1207.6512,1932.24192,30,1352.57,1568.98,2/3/2024,6/2/2024,940,1,1568.98,1207.651 
3,24-Apr-2024,Polo,Cotton,Slim,Stonewashed,S,Spring,Black,9,16,1078.26,1207.6512,1932.24192,30,1352.57,1568.98,2/3/2024,6/2/2024,940,1,1568.98,1207.651 
3,24-Apr-2024,Polo,Cotton,Slim,Stonewashed,S,Spring,Black,9,16,1078.26,1207.6512,1932.24192,30,1352.57,1568.98,2/3/2024,6/2/2024,940,1,1568.98,1207.651 
3,25-Apr-2024,Polo,Cotton,Slim,Stonewashed,S,Spring,Black,9,16,1078.26,1207.6512,1932.24192,30,1352.57,1568.98,2/3/2024,6/2/2024,940,1,1568.98,1207.651 
3,25-Apr-2024,Polo,Cotton,Slim,Stonewashed,S,Spring,Black,9,16,1078.26,1207.6512,1932.24192,30,1352.57,1568.98,2/3/2024,6/2/2024,940,1,1568.98,1207.651 
3,25-Apr-2024,Polo,Cotton,Slim,Stonewashed,S,Spring,Black,9,16,1078.26,1207.6512,1932.24192,30,1352.57,1568.98,2/3/2024,6/2/2024,940,1,1568.98,1207.651 
3,25-Apr-2024,Polo,Cotton,Slim,Stonewashed,S,Spring,Black,9,16,1078.26,1207.6512,1932.24192,30,1352.57,1568.98,2/3/2024,6/2/2024,940,1,1568.98,1207.651 
3,25-Apr-2024,Polo,Cotton,Slim,Stonewashed,S,Spring,Black,9,16,1078.26,1207.6512,1932.24192,30,1352.57,1568.98,2/3/2024,6/2/2024,940,1,1568.98,1207.651 
3,26-Apr-2024,Polo,Cotton,Slim,Stonewashed,S,Spring,Black,9,16,1078.26,1207.6512,1932.24192,30,1352.57,1568.98,2/3/2024,6/2/2024,940,1,1568.98,1207.651 
3,26-Apr-2024,Polo,Cotton,Slim,Stonewashed,S,Spring,Black,9,16,1078.26,1207.6512,1932.24192,30,1352.57,1568.98,2/3/2024,6/2/2024,940,1,1568.98,1207.651 
3,26-Apr-2024,Polo,Cotton,Slim,Stonewashed,S,Spring,Black,9,16,1078.26,1207.6512,1932.24192,30,1352.57,1568.98,2/3/2024,6/2/2024,940,1,1568.98,1207.651 
3,26-Apr-2024,Polo,Cotton,Slim,Stonewashed,S,Spring,Black,9,16,1078.26,1207.6512,1932.24192,30,1352.57,1568.98,2/3/2024,6/2/2024,940,1,1568.98,1207.651 
3,27-Apr-2024,Polo,Cotton,Slim,Stonewashed,S,Spring,Black,9,16,1078.26,1207.6512,1932.24192,30,1352.57,1568.98,2/3/2024,6/2/2024,940,1,1568.98,1207.651 
3,27-Apr-2024,Polo,Cotton,Slim,Stonewashed,S,Spring,Black,9,16,1078.26,1207.6512,1932.24192,30,1352.57,1568.98,2/3/2024,6/2/2024,940,1,1568.98,1207.651 
3,27-Apr-2024,Polo,Cotton,Slim,Stonewashed,S,Spring,Black,9,16,1078.26,1207.6512,1932.24192,30,1352.57,1568.98,2/3/2024,6/2/2024,940,1,1568.98,1207.651 
3,27-Apr-2024,Polo,Cotton,Slim,Stonewashed,S,Spring,Black,9,16,1078.26,1207.6512,1932.24192,30,1352.57,1568.98,2/3/2024,6/2/2024,940,1,1568.98,1207.651 
3,28-Apr-2024,Polo,Cotton,Slim,Stonewashed,S,Spring,Black,9,16,1078.26,1207.6512,1932.24192,30,1352.57,1568.98,2/3/2024,6/2/2024,940,1,1568.98,1207.651 
3,28-Apr-2024,Polo,Cotton,Slim,Stonewashed,S,Spring,Black,9,16,1078.26,1207.6512,1932.24192,30,1352.57,1568.98,2/3/2024,6/2/2024,940,1,1568.98,1207.651 
3,28-Apr-2024,Polo,Cotton,Slim,Stonewashed,S,Spring,Black,9,16,1078.26,1207.6512,1932.24192,30,1352.57,1568.98,2/3/2024,6/2/2024,940,1,1568.98,1207.651 
3,28-Apr-2024,Polo,Cotton,Slim,Stonewashed,S,Spring,Black,9,16,1078.26,1207.6512,1932.24192,30,1352.57,1568.98,2/3/2024,6/2/2024,940,1,1568.98,1207.651 
3,29-Apr-2024,Polo,Cotton,Slim,Stonewashed,S,Spring,Black,9,16,1078.26,1207.6512,1932.24192,30,1352.57,1568.98,2/3/2024,6/2/2024,940,1,1568.98,1207.651 
3,29-Apr-2024,Polo,Cotton,Slim,Stonewashed,S,Spring,Black,9,16,1078.26,1207.6512,1932.24192,30,1352.57,1568.98,2/3/2024,6/2/2024,940,1,1568.98,1207.651 
3,29-Apr-2024,Polo,Cotton,Slim,Stonewashed,S,Spring,Black,9,16,1078.26,1207.6512,1932.24192,30,1352.57,1568.98,2/3/2024,6/2/2024,940,1,1568.98,1207.651 
3,29-Apr-2024,Polo,Cotton,Slim,Stonewashed,S,Spring,Black,9,16,1078.26,1207.6512,1932.24192,30,1352.57,1568.98,2/3/2024,6/2/2024,940,1,1568.98,1207.651 
3,30-Apr-2024,Polo,Cotton,Slim,Stonewashed,S,Spring,Black,9,16,1078.26,1207.6512,1932.24192,30,1352.57,1568.98,2/3/2024,6/2/2024,940,1,1568.98,1207.651 
3,30-Apr-2024,Polo,Cotton,Slim,Stonewashed,S,Spring,Black,9,16,1078.26,1207.6512,1932.24192,30,1352.57,1568.98,2/3/2024,6/2/2024,940,1,1568.98,1207.651 
3,30-Apr-2024,Polo,Cotton,Slim,Stonewashed,S,Spring,Black,9,16,1078.26,1207.6512,1932.24192,30,1352.57,1568.98,2/3/2024,6/2/2024,940,1,1568.98,1207.651 
3,30-Apr-2024,Polo,Cotton,Slim,Stonewashed,S,Spring,Black,9,16,1078.26,1207.6512,1932.24192,30,1352.57,1568.98,2/3/2024,6/2/2024,940,1,1568.98,1207.651 
3,1-May-2024,Polo,Cotton,Slim,Stonewashed,S,Spring,Black,9,16,1078.26,1207.6512,1932.24192,30,1352.57,1568.98,2/3/2024,6/2/2024,940,1,1568.98,1207.651 
3,1-May-2024,Polo,Cotton,Slim,Stonewashed,S,Spring,Black,9,16,1078.26,1207.6512,1932.24192,30,1352.57,1568.98,2/3/2024,6/2/2024,940,1,1568.98,1207.651 
3,1-May-2024,Polo,Cotton,Slim,Stonewashed,S,Spring,Black,9,16,1078.26,1207.6512,1932.24192,30,1352.57,1568.98,2/3/2024,6/2/2024,940,1,1568.98,1207.651 
3,1-May-2024,Polo,Cotton,Slim,Stonewashed,S,Spring,Black,9,16,1078.26,1207.6512,1932.24192,30,1352.57,1568.98,2/3/2024,6/2/2024,940,1,1568.98,1207.651 
3,1-May-2024,Polo,Cotton,Slim,Stonewashed,S,Spring,Black,9,16,1078.26,1207.6512,1932.24192,30,1352.57,1568.98,2/3/2024,6/2/2024,940,1,1568.98,1207.651 
3,2-May-2024,Polo,Cotton,Slim,Stonewashed,S,Spring,Black,9,16,1078.26,1207.6512,1932.24192,30,1352.57,1568.98,2/3/2024,6/2/2024,940,1,1568.98,1207.651 
3,2-May-2024,Polo,Cotton,Slim,Stonewashed,S,Spring,Black,9,16,1078.26,1207.6512,1932.24192,30,1352.57,1568.98,2/3/2024,6/2/2024,940,1,1568.98,1207.651 
3,2-May-2024,Polo,Cotton,Slim,Stonewashed,S,Spring,Black,9,16,1078.26,1207.6512,1932.24192,30,1352.57,1568.98,2/3/2024,6/2/2024,940,1,1568.98,1207.651 
3,2-May-2024,Polo,Cotton,Slim,Stonewashed,S,Spring,Black,9,16,1078.26,1207.6512,1932.24192,30,1352.57,1568.98,2/3/2024,6/2/2024,940,1,1568.98,1207.651 
3,3-May-2024,Polo,Cotton,Slim,Stonewashed,S,Spring,Black,9,16,1078.26,1207.6512,1932.24192,30,1352.57,1568.98,2/3/2024,6/2/2024,940,1,1568.98,1207.651 
3,3-May-2024,Polo,Cotton,Slim,Stonewashed,S,Spring,Black,9,16,1078.26,1207.6512,1932.24192,30,1352.57,1568.98,2/3/2024,6/2/2024,940,1,1568.98,1207.651 
3,3-May-2024,Polo,Cotton,Slim,Stonewashed,S,Spring,Black,9,16,1078.26,1207.6512,1932.24192,30,1352.57,1568.98,2/3/2024,6/2/2024,940,1,1568.98,1207.651 
3,3-May-2024,Polo,Cotton,Slim,Stonewashed,S,Spring,Black,9,16,1078.26,1207.6512,1932.24192,30,1352.57,1568.98,2/3/2024,6/2/2024,940,1,1568.98,1207.651 
3,4-May-2024,Polo,Cotton,Slim,Stonewashed,S,Spring,Black,9,16,1078.26,1207.6512,1932.24192,30,1352.57,1568.98,2/3/2024,6/2/2024,940,1,1568.98,1207.651 
3,4-May-2024,Polo,Cotton,Slim,Stonewashed,S,Spring,Black,9,16,1078.26,1207.6512,1932.24192,30,1352.57,1568.98,2/3/2024,6/2/2024,940,1,1568.98,1207.651 
3,4-May-2024,Polo,Cotton,Slim,Stonewashed,S,Spring,Black,9,16,1078.26,1207.6512,1932.24192,30,1352.57,1568.98,2/3/2024,6/2/2024,940,1,1568.98,1207.651 
3,4-May-2024,Polo,Cotton,Slim,Stonewashed,S,Spring,Black,9,16,1078.26,1207.6512,1932.24192,30,1352.57,1568.98,2/3/2024,6/2/2024,940,1,1568.98,1207.651 
3,5-May-2024,Polo,Cotton,Slim,Stonewashed,S,Spring,Black,9,16,1078.26,1207.6512,1932.24192,30,1352.57,1568.98,2/3/2024,6/2/2024,940,1,1568.98,1207.651 
3,5-May-2024,Polo,Cotton,Slim,Stonewashed,S,Spring,Black,9,16,1078.26,1207.6512,1932.24192,30,1352.57,1568.98,2/3/2024,6/2/2024,940,1,1568.98,1207.651 
3,5-May-2024,Polo,Cotton,Slim,Stonewashed,S,Spring,Black,9,16,1078.26,1207.6512,1932.24192,30,1352.57,1568.98,2/3/2024,6/2/2024,940,1,1568.98,1207.651 
3,5-May-2024,Polo,Cotton,Slim,Stonewashed,S,Spring,Black,9,16,1078.26,1207.6512,1932.24192,30,1352.57,1568.98,2/3/2024,6/2/2024,940,1,1568.98,1207.651 
3,6-May-2024,Polo,Cotton,Slim,Stonewashed,S,Spring,Black,9,16,1078.26,1207.6512,1932.24192,30,1352.57,1568.98,2/3/2024,6/2/2024,940,1,1568.98,1207.651 
3,6-May-2024,Polo,Cotton,Slim,Stonewashed,S,Spring,Black,9,16,1078.26,1207.6512,1932.24192,30,1352.57,1568.98,2/3/2024,6/2/2024,940,1,1568.98,1207.651 
3,6-May-2024,Polo,Cotton,Slim,Stonewashed,S,Spring,Black,9,16,1078.26,1207.6512,1932.24192,30,1352.57,1568.98,2/3/2024,6/2/2024,940,1,1568.98,1207.651 
3,6-May-2024,Polo,Cotton,Slim,Stonewashed,S,Spring,Black,9,16,1078.26,1207.6512,1932.24192,30,1352.57,1568.98,2/3/2024,6/2/2024,940,1,1568.98,1207.651 
3,7-May-2024,Polo,Cotton,Slim,Stonewashed,S,Spring,Black,9,16,1078.26,1207.6512,1932.24192,30,1352.57,1568.98,2/3/2024,6/2/2024,940,1,1568.98,1207.651 
3,7-May-2024,Polo,Cotton,Slim,Stonewashed,S,Spring,Black,9,16,1078.26,1207.6512,1932.24192,30,1352.57,1568.98,2/3/2024,6/2/2024,940,1,1568.98,1207.651 
3,7-May-2024,Polo,Cotton,Slim,Stonewashed,S,Spring,Black,9,16,1078.26,1207.6512,1932.24192,30,1352.57,1568.98,2/3/2024,6/2/2024,940,1,1568.98,1207.651 
3,7-May-2024,Polo,Cotton,Slim,Stonewashed,S,Spring,Black,9,16,1078.26,1207.6512,1932.24192,30,1352.57,1568.98,2/3/2024,6/2/2024,940,1,1568.98,1207.651 
3,7-May-2024,Polo,Cotton,Slim,Stonewashed,S,Spring,Black,9,16,1078.26,1207.6512,1932.24192,30,1352.57,1568.98,2/3/2024,6/2/2024,940,1,1568.98,1207.651 
3,8-May-2024,Polo,Cotton,Slim,Stonewashed,S,Spring,Black,9,16,1078.26,1207.6512,1932.24192,30,1352.57,1568.98,2/3/2024,6/2/2024,940,1,1568.98,1207.651 
3,8-May-2024,Polo,Cotton,Slim,Stonewashed,S,Spring,Black,9,16,1078.26,1207.6512,1932.24192,30,1352.57,1568.98,2/3/2024,6/2/2024,940,1,1568.98,1207.651 
3,8-May-2024,Polo,Cotton,Slim,Stonewashed,S,Spring,Black,9,16,1078.26,1207.6512,1932.24192,30,1352.57,1568.98,2/3/2024,6/2/2024,940,1,1568.98,1207.651 
3,8-May-2024,Polo,Cotton,Slim,Stonewashed,S,Spring,Black,9,16,1078.26,1207.6512,1932.24192,30,1352.57,1568.98,2/3/2024,6/2/2024,940,1,1568.98,1207.651 
3,9-May-2024,Polo,Cotton,Slim,Stonewashed,S,Spring,Black,9,16,1078.26,1207.6512,1932.24192,30,1352.57,1568.98,2/3/2024,6/2/2024,940,1,1568.98,1207.651 
3,9-May-2024,Polo,Cotton,Slim,Stonewashed,S,Spring,Black,9,16,1078.26,1207.6512,1932.24192,30,1352.57,1568.98,2/3/2024,6/2/2024,940,1,1568.98,1207.651 
3,9-May-2024,Polo,Cotton,Slim,Stonewashed,S,Spring,Black,9,16,1078.26,1207.6512,1932.24192,30,1352.57,1568.98,2/3/2024,6/2/2024,940,1,1568.98,1207.651 
3,9-May-2024,Polo,Cotton,Slim,Stonewashed,S,Spring,Black,9,16,1078.26,1207.6512,1932.24192,30,1352.57,1568.98,2/3/2024,6/2/2024,940,1,1568.98,1207.651 
3,10-May-2024,Polo,Cotton,Slim,Stonewashed,S,Spring,Black,9,16,1078.26,1207.6512,1932.24192,30,1352.57,1568.98,2/3/2024,6/2/2024,940,1,1568.98,1207.651 
3,10-May-2024,Polo,Cotton,Slim,Stonewashed,S,Spring,Black,9,16,1078.26,1207.6512,1932.24192,30,1352.57,1568.98,2/3/2024,6/2/2024,940,1,1568.98,1207.651 
3,10-May-2024,Polo,Cotton,Slim,Stonewashed,S,Spring,Black,9,16,1078.26,1207.6512,1932.24192,30,1352.57,1568.98,2/3/2024,6/2/2024,940,1,1568.98,1207.651 
3,10-May-2024,Polo,Cotton,Slim,Stonewashed,S,Spring,Black,9,16,1078.26,1207.6512,1932.24192,30,1352.57,1568.98,2/3/2024,6/2/2024,940,1,1568.98,1207.651 
3,11-May-2024,Polo,Cotton,Slim,Stonewashed,S,Spring,Black,9,16,1078.26,1207.6512,1932.24192,30,1352.57,1568.98,2/3/2024,6/2/2024,940,1,1568.98,1207.651 
3,11-May-2024,Polo,Cotton,Slim,Stonewashed,S,Spring,Black,9,16,1078.26,1207.6512,1932.24192,30,1352.57,1568.98,2/3/2024,6/2/2024,940,1,1568.98,1207.651 
3,11-May-2024,Polo,Cotton,Slim,Stonewashed,S,Spring,Black,9,16,1078.26,1207.6512,1932.24192,30,1352.57,1568.98,2/3/2024,6/2/2024,940,1,1568.98,1207.651 
3,11-May-2024,Polo,Cotton,Slim,Stonewashed,S,Spring,Black,9,16,1078.26,1207.6512,1932.24192,30,1352.57,1568.98,2/3/2024,6/2/2024,940,1,1568.98,1207.651 
3,12-May-2024,Polo,Cotton,Slim,Stonewashed,S,Spring,Black,9,16,1078.26,1207.6512,1932.24192,30,1352.57,1568.98,2/3/2024,6/2/2024,940,1,1568.98,1207.651 
3,12-May-2024,Polo,Cotton,Slim,Stonewashed,S,Spring,Black,9,16,1078.26,1207.6512,1932.24192,30,1352.57,1568.98,2/3/2024,6/2/2024,940,1,1568.98,1207.651 
3,12-May-2024,Polo,Cotton,Slim,Stonewashed,S,Spring,Black,9,16,1078.26,1207.6512,1932.24192,30,1352.57,1568.98,2/3/2024,6/2/2024,940,1,1568.98,1207.651 
3,12-May-2024,Polo,Cotton,Slim,Stonewashed,S,Spring,Black,9,16,1078.26,1207.6512,1932.24192,30,1352.57,1568.98,2/3/2024,6/2/2024,940,1,1568.98,1207.651 
3,13-May-2024,Polo,Cotton,Slim,Stonewashed,S,Spring,Black,9,16,1078.26,1207.6512,1932.24192,30,1352.57,1568.98,2/3/2024,6/2/2024,940,1,1568.98,1207.651 
3,13-May-2024,Polo,Cotton,Slim,Stonewashed,S,Spring,Black,9,16,1078.26,1207.6512,1932.24192,30,1352.57,1568.98,2/3/2024,6/2/2024,940,1,1568.98,1207.651 
3,13-May-2024,Polo,Cotton,Slim,Stonewashed,S,Spring,Black,9,16,1078.26,1207.6512,1932.24192,30,1352.57,1568.98,2/3/2024,6/2/2024,940,1,1568.98,1207.651 
3,13-May-2024,Polo,Cotton,Slim,Stonewashed,S,Spring,Black,9,16,1078.26,1207.6512,1932.24192,30,1352.57,1568.98,2/3/2024,6/2/2024,940,1,1568.98,1207.651 
3,14-May-2024,Polo,Cotton,Slim,Stonewashed,S,Spring,Black,9,16,1078.26,1207.6512,1932.24192,30,1352.57,1568.98,2/3/2024,6/2/2024,940,1,1568.98,1207.651 
3,14-May-2024,Polo,Cotton,Slim,Stonewashed,S,Spring,Black,9,16,1078.26,1207.6512,1932.24192,30,1352.57,1568.98,2/3/2024,6/2/2024,940,1,1568.98,1207.651 
3,14-May-2024,Polo,Cotton,Slim,Stonewashed,S,Spring,Black,9,16,1078.26,1207.6512,1932.24192,30,1352.57,1568.98,2/3/2024,6/2/2024,940,1,1568.98,1207.651 
3,14-May-2024,Polo,Cotton,Slim,Stonewashed,S,Spring,Black,9,16,1078.26,1207.6512,1932.24192,30,1352.57,1568.98,2/3/2024,6/2/2024,940,1,1568.98,1207.651 
3,14-May-2024,Polo,Cotton,Slim,Stonewashed,S,Spring,Black,9,16,1078.26,1207.6512,1932.24192,30,1352.57,1568.98,2/3/2024,6/2/2024,940,1,1568.98,1207.651 
3,15-May-2024,Polo,Cotton,Slim,Stonewashed,S,Spring,Black,9,16,1078.26,1207.6512,1932.24192,30,1352.57,1568.98,2/3/2024,6/2/2024,940,1,1568.98,1207.651 
3,15-May-2024,Polo,Cotton,Slim,Stonewashed,S,Spring,Black,9,16,1078.26,1207.6512,1932.24192,30,1352.57,1568.98,2/3/2024,6/2/2024,940,1,1568.98,1207.651 
3,15-May-2024,Polo,Cotton,Slim,Stonewashed,S,Spring,Black,9,16,1078.26,1207.6512,1932.24192,30,1352.57,1568.98,2/3/2024,6/2/2024,940,1,1568.98,1207.651 
3,15-May-2024,Polo,Cotton,Slim,Stonewashed,S,Spring,Black,9,16,1078.26,1207.6512,1932.24192,30,1352.57,1568.98,2/3/2024,6/2/2024,940,1,1568.98,1207.651 
3,16-May-2024,Polo,Cotton,Slim,Stonewashed,S,Spring,Black,9,16,1078.26,1207.6512,1932.24192,30,1352.57,1568.98,2/3/2024,6/2/2024,940,1,1568.98,1207.651 
3,16-May-2024,Polo,Cotton,Slim,Stonewashed,S,Spring,Black,9,16,1078.26,1207.6512,1932.24192,30,1352.57,1568.98,2/3/2024,6/2/2024,940,1,1568.98,1207.651 
3,16-May-2024,Polo,Cotton,Slim,Stonewashed,S,Spring,Black,9,16,1078.26,1207.6512,1932.24192,30,1352.57,1568.98,2/3/2024,6/2/2024,940,1,1568.98,1207.651 
3,16-May-2024,Polo,Cotton,Slim,Stonewashed,S,Spring,Black,9,16,1078.26,1207.6512,1932.24192,30,1352.57,1568.98,2/3/2024,6/2/2024,940,1,1568.98,1207.651 
3,17-May-2024,Polo,Cotton,Slim,Stonewashed,S,Spring,Black,9,16,1078.26,1207.6512,1932.24192,30,1352.57,1568.98,2/3/2024,6/2/2024,940,1,1568.98,1207.651 
3,17-May-2024,Polo,Cotton,Slim,Stonewashed,S,Spring,Black,9,16,1078.26,1207.6512,1932.24192,30,1352.57,1568.98,2/3/2024,6/2/2024,940,1,1568.98,1207.651 
3,17-May-2024,Polo,Cotton,Slim,Stonewashed,S,Spring,Black,9,16,1078.26,1207.6512,1932.24192,30,1352.57,1568.98,2/3/2024,6/2/2024,940,1,1568.98,1207.651 
3,17-May-2024,Polo,Cotton,Slim,Stonewashed,S,Spring,Black,9,16,1078.26,1207.6512,1932.24192,30,1352.57,1568.98,2/3/2024,6/2/2024,940,1,1568.98,1207.651 
3,18-May-2024,Polo,Cotton,Slim,Stonewashed,S,Spring,Black,9,16,1078.26,1207.6512,1932.24192,30,1352.57,1568.98,2/3/2024,6/2/2024,940,1,1568.98,1207.651 
3,18-May-2024,Polo,Cotton,Slim,Stonewashed,S,Spring,Black,9,16,1078.26,1207.6512,1932.24192,30,1352.57,1568.98,2/3/2024,6/2/2024,940,1,1568.98,1207.651 
3,18-May-2024,Polo,Cotton,Slim,Stonewashed,S,Spring,Black,9,16,1078.26,1207.6512,1932.24192,30,1352.57,1568.98,2/3/2024,6/2/2024,940,1,1568.98,1207.651 
3,18-May-2024,Polo,Cotton,Slim,Stonewashed,S,Spring,Black,9,16,1078.26,1207.6512,1932.24192,30,1352.57,1568.98,2/3/2024,6/2/2024,940,1,1568.98,1207.651 
3,19-May-2024,Polo,Cotton,Slim,Stonewashed,S,Spring,Black,9,16,1078.26,1207.6512,1932.24192,30,1352.57,1568.98,2/3/2024,6/2/2024,940,1,1568.98,1207.651 
3,19-May-2024,Polo,Cotton,Slim,Stonewashed,S,Spring,Black,9,16,1078.26,1207.6512,1932.24192,30,1352.57,1568.98,2/3/2024,6/2/2024,940,1,1568.98,1207.651 
3,19-May-2024,Polo,Cotton,Slim,Stonewashed,S,Spring,Black,9,16,1078.26,1207.6512,1932.24192,30,1352.57,1568.98,2/3/2024,6/2/2024,940,1,1568.98,1207.651 
3,19-May-2024,Polo,Cotton,Slim,Stonewashed,S,Spring,Black,9,16,1078.26,1207.6512,1932.24192,30,1352.57,1568.98,2/3/2024,6/2/2024,940,1,1568.98,1207.651 
3,20-May-2024,Polo,Cotton,Slim,Stonewashed,S,Spring,Black,9,16,1078.26,1207.6512,1932.24192,30,1352.57,1568.98,2/3/2024,6/2/2024,940,1,1568.98,1207.651 
3,20-May-2024,Polo,Cotton,Slim,Stonewashed,S,Spring,Black,9,16,1078.26,1207.6512,1932.24192,30,1352.57,1568.98,2/3/2024,6/2/2024,940,1,1568.98,1207.651 
3,20-May-2024,Polo,Cotton,Slim,Stonewashed,S,Spring,Black,9,16,1078.26,1207.6512,1932.24192,30,1352.57,1568.98,2/3/2024,6/2/2024,940,1,1568.98,1207.651 
3,20-May-2024,Polo,Cotton,Slim,Stonewashed,S,Spring,Black,9,16,1078.26,1207.6512,1932.24192,30,1352.57,1568.98,2/3/2024,6/2/2024,940,1,1568.98,1207.651 
3,20-May-2024,Polo,Cotton,Slim,Stonewashed,S,Spring,Black,9,16,1078.26,1207.6512,1932.24192,30,1352.57,1568.98,2/3/2024,6/2/2024,940,1,1568.98,1207.651 
3,21-May-2024,Polo,Cotton,Slim,Stonewashed,S,Spring,Black,9,16,1078.26,1207.6512,1932.24192,30,1352.57,1568.98,2/3/2024,6/2/2024,940,1,1568.98,1207.651 
3,21-May-2024,Polo,Cotton,Slim,Stonewashed,S,Spring,Black,9,16,1078.26,1207.6512,1932.24192,30,1352.57,1568.98,2/3/2024,6/2/2024,940,1,1568.98,1207.651 
3,21-May-2024,Polo,Cotton,Slim,Stonewashed,S,Spring,Black,9,16,1078.26,1207.6512,1932.24192,30,1352.57,1568.98,2/3/2024,6/2/2024,940,1,1568.98,1207.651 
3,21-May-2024,Polo,Cotton,Slim,Stonewashed,S,Spring,Black,9,16,1078.26,1207.6512,1932.24192,30,1352.57,1568.98,2/3/2024,6/2/2024,940,1,1568.98,1207.651 
3,22-May-2024,Polo,Cotton,Slim,Stonewashed,S,Spring,Black,9,16,1078.26,1207.6512,1932.24192,30,1352.57,1568.98,2/3/2024,6/2/2024,940,1,1568.98,1207.651 
3,22-May-2024,Polo,Cotton,Slim,Stonewashed,S,Spring,Black,9,16,1078.26,1207.6512,1932.24192,30,1352.57,1568.98,2/3/2024,6/2/2024,940,1,1568.98,1207.651 
3,22-May-2024,Polo,Cotton,Slim,Stonewashed,S,Spring,Black,9,16,1078.26,1207.6512,1932.24192,30,1352.57,1568.98,2/3/2024,6/2/2024,940,1,1568.98,1207.651 
3,22-May-2024,Polo,Cotton,Slim,Stonewashed,S,Spring,Black,9,16,1078.26,1207.6512,1932.24192,30,1352.57,1568.98,2/3/2024,6/2/2024,940,1,1568.98,1207.651 
3,23-May-2024,Polo,Cotton,Slim,Stonewashed,S,Spring,Black,9,16,1078.26,1207.6512,1932.24192,30,1352.57,1568.98,2/3/2024,6/2/2024,940,1,1568.98,1207.651 
3,23-May-2024,Polo,Cotton,Slim,Stonewashed,S,Spring,Black,9,16,1078.26,1207.6512,1932.24192,30,1352.57,1568.98,2/3/2024,6/2/2024,940,1,1568.98,1207.651 
3,23-May-2024,Polo,Cotton,Slim,Stonewashed,S,Spring,Black,9,16,1078.26,1207.6512,1932.24192,30,1352.57,1568.98,2/3/2024,6/2/2024,940,1,1568.98,1207.651 
3,23-May-2024,Polo,Cotton,Slim,Stonewashed,S,Spring,Black,9,16,1078.26,1207.6512,1932.24192,30,1352.57,1568.98,2/3/2024,6/2/2024,940,1,1568.98,1207.651 
3,24-May-2024,Polo,Cotton,Slim,Stonewashed,S,Spring,Black,9,16,1078.26,1207.6512,1932.24192,30,1352.57,1568.98,2/3/2024,6/2/2024,940,1,1568.98,1207.651 
3,24-May-2024,Polo,Cotton,Slim,Stonewashed,S,Spring,Black,9,16,1078.26,1207.6512,1932.24192,30,1352.57,1568.98,2/3/2024,6/2/2024,940,1,1568.98,1207.651 
3,24-May-2024,Polo,Cotton,Slim,Stonewashed,S,Spring,Black,9,16,1078.26,1207.6512,1932.24192,30,1352.57,1568.98,2/3/2024,6/2/2024,940,1,1568.98,1207.651 
3,24-May-2024,Polo,Cotton,Slim,Stonewashed,S,Spring,Black,9,16,1078.26,1207.6512,1932.24192,30,1352.57,1568.98,2/3/2024,6/2/2024,940,1,1568.98,1207.651 
3,25-May-2024,Polo,Cotton,Slim,Stonewashed,S,Spring,Black,9,16,1078.26,1207.6512,1932.24192,30,1352.57,1568.98,2/3/2024,6/2/2024,940,1,1568.98,1207.651 
3,25-May-2024,Polo,Cotton,Slim,Stonewashed,S,Spring,Black,9,16,1078.26,1207.6512,1932.24192,30,1352.57,1568.98,2/3/2024,6/2/2024,940,1,1568.98,1207.651 
3,25-May-2024,Polo,Cotton,Slim,Stonewashed,S,Spring,Black,9,16,1078.26,1207.6512,1932.24192,30,1352.57,1568.98,2/3/2024,6/2/2024,940,1,1568.98,1207.651 
3,25-May-2024,Polo,Cotton,Slim,Stonewashed,S,Spring,Black,9,16,1078.26,1207.6512,1932.24192,30,1352.57,1568.98,2/3/2024,6/2/2024,940,1,1568.98,1207.651 
3,26-May-2024,Polo,Cotton,Slim,Stonewashed,S,Spring,Black,9,16,1078.26,1207.6512,1932.24192,30,1352.57,1568.98,2/3/2024,6/2/2024,940,1,1568.98,1207.651 
3,26-May-2024,Polo,Cotton,Slim,Stonewashed,S,Spring,Black,9,16,1078.26,1207.6512,1932.24192,30,1352.57,1568.98,2/3/2024,6/2/2024,940,1,1568.98,1207.651 
3,26-May-2024,Polo,Cotton,Slim,Stonewashed,S,Spring,Black,9,16,1078.26,1207.6512,1932.24192,30,1352.57,1568.98,2/3/2024,6/2/2024,940,1,1568.98,1207.651 
3,26-May-2024,Polo,Cotton,Slim,Stonewashed,S,Spring,Black,9,16,1078.26,1207.6512,1932.24192,30,1352.57,1568.98,2/3/2024,6/2/2024,940,1,1568.98,1207.651 
3,26-May-2024,Polo,Cotton,Slim,Stonewashed,S,Spring,Black,9,16,1078.26,1207.6512,1932.24192,30,1352.57,1568.98,2/3/2024,6/2/2024,940,1,1568.98,1207.651 
3,27-May-2024,Polo,Cotton,Slim,Stonewashed,S,Spring,Black,9,16,1078.26,1207.6512,1932.24192,30,1352.57,1568.98,2/3/2024,6/2/2024,940,1,1568.98,1207.651 
3,27-May-2024,Polo,Cotton,Slim,Stonewashed,S,Spring,Black,9,16,1078.26,1207.6512,1932.24192,30,1352.57,1568.98,2/3/2024,6/2/2024,940,1,1568.98,1207.651 
3,27-May-2024,Polo,Cotton,Slim,Stonewashed,S,Spring,Black,9,16,1078.26,1207.6512,1932.24192,30,1352.57,1568.98,2/3/2024,6/2/2024,940,1,1568.98,1207.651 
3,27-May-2024,Polo,Cotton,Slim,Stonewashed,S,Spring,Black,9,16,1078.26,1207.6512,1932.24192,30,1352.57,1568.98,2/3/2024,6/2/2024,940,1,1568.98,1207.651 
3,28-May-2024,Polo,Cotton,Slim,Stonewashed,S,Spring,Black,9,16,1078.26,1207.6512,1932.24192,30,1352.57,1568.98,2/3/2024,6/2/2024,940,1,1568.98,1207.651 
3,28-May-2024,Polo,Cotton,Slim,Stonewashed,S,Spring,Black,9,16,1078.26,1207.6512,1932.24192,30,1352.57,1568.98,2/3/2024,6/2/2024,940,1,1568.98,1207.651 
3,28-May-2024,Polo,Cotton,Slim,Stonewashed,S,Spring,Black,9,16,1078.26,1207.6512,1932.24192,30,1352.57,1568.98,2/3/2024,6/2/2024,940,1,1568.98,1207.651 
3,28-May-2024,Polo,Cotton,Slim,Stonewashed,S,Spring,Black,9,16,1078.26,1207.6512,1932.24192,30,1352.57,1568.98,2/3/2024,6/2/2024,940,1,1568.98,1207.651 
3,29-May-2024,Polo,Cotton,Slim,Stonewashed,S,Spring,Black,9,16,1078.26,1207.6512,1932.24192,30,1352.57,1568.98,2/3/2024,6/2/2024,940,1,1568.98,1207.651 
3,29-May-2024,Polo,Cotton,Slim,Stonewashed,S,Spring,Black,9,16,1078.26,1207.6512,1932.24192,30,1352.57,1568.98,2/3/2024,6/2/2024,940,1,1568.98,1207.651 
3,29-May-2024,Polo,Cotton,Slim,Stonewashed,S,Spring,Black,9,16,1078.26,1207.6512,1932.24192,30,1352.57,1568.98,2/3/2024,6/2/2024,940,1,1568.98,1207.651 
3,29-May-2024,Polo,Cotton,Slim,Stonewashed,S,Spring,Black,9,16,1078.26,1207.6512,1932.24192,30,1352.57,1568.98,2/3/2024,6/2/2024,940,1,1568.98,1207.651 
3,30-May-2024,Polo,Cotton,Slim,Stonewashed,S,Spring,Black,9,16,1078.26,1207.6512,1932.24192,30,1352.57,1568.98,2/3/2024,6/2/2024,940,1,1568.98,1207.651 
3,30-May-2024,Polo,Cotton,Slim,Stonewashed,S,Spring,Black,9,16,1078.26,1207.6512,1932.24192,30,1352.57,1568.98,2/3/2024,6/2/2024,940,1,1568.98,1207.651 
3,30-May-2024,Polo,Cotton,Slim,Stonewashed,S,Spring,Black,9,16,1078.26,1207.6512,1932.24192,30,1352.57,1568.98,2/3/2024,6/2/2024,940,1,1568.98,1207.651 
3,30-May-2024,Polo,Cotton,Slim,Stonewashed,S,Spring,Black,9,16,1078.26,1207.6512,1932.24192,30,1352.57,1568.98,2/3/2024,6/2/2024,940,1,1568.98,1207.651 
3,31-May-2024,Polo,Cotton,Slim,Stonewashed,S,Spring,Black,9,16,1078.26,1207.6512,1932.24192,30,1352.57,1568.98,2/3/2024,6/2/2024,940,1,1568.98,1207.651 
3,31-May-2024,Polo,Cotton,Slim,Stonewashed,S,Spring,Black,9,16,1078.26,1207.6512,1932.24192,30,1352.57,1568.98,2/3/2024,6/2/2024,940,1,1568.98,1207.651 
3,31-May-2024,Polo,Cotton,Slim,Stonewashed,S,Spring,Black,9,16,1078.26,1207.6512,1932.24192,30,1352.57,1568.98,2/3/2024,6/2/2024,940,1,1568.98,1207.651 
3,31-May-2024,Polo,Cotton,Slim,Stonewashed,S,Spring,Black,9,16,1078.26,1207.6512,1932.24192,30,1352.57,1568.98,2/3/2024,6/2/2024,940,1,1568.98,1207.651 
3,1-Jun-2024,Polo,Cotton,Slim,Stonewashed,S,Spring,Black,9,16,1078.26,1207.6512,1932.24192,30,1352.57,1568.98,2/3/2024,6/2/2024,940,1,1568.98,1207.651 
3,1-Jun-2024,Polo,Cotton,Slim,Stonewashed,S,Spring,Black,9,16,1078.26,1207.6512,1932.24192,30,1352.57,1568.98,2/3/2024,6/2/2024,940,1,1568.98,1207.651 
3,1-Jun-2024,Polo,Cotton,Slim,Stonewashed,S,Spring,Black,9,16,1078.26,1207.6512,1932.24192,30,1352.57,1568.98,2/3/2024,6/2/2024,940,1,1568.98,1207.651 
3,1-Jun-2024,Polo,Cotton,Slim,Stonewashed,S,Spring,Black,9,16,1078.26,1207.6512,1932.24192,30,1352.57,1568.98,2/3/2024,6/2/2024,940,1,1568.98,1207.651 
3,2-Jun-2024,Polo,Cotton,Slim,Stonewashed,S,Spring,Black,9,16,1078.26,1207.6512,1932.24192,30,1352.57,1568.98,2/3/2024,6/2/2024,940,1,1568.98,1207.651 
